"trial_name","breeding_program","location","year","design_type","description","trial_type","plot_width","plot_length","field_size","planting_date","harvest_date","plot_name","accession_name","plot_number","block_number","is_a_control","rep_number","range_number","row_number","col_number","seedlot_name","num_seed_per_plot","weight_gram_seed_per_plot","entry_number","is_private","Blaze"
"CU_2025_Ithaca_WOP_PLOT","Intercropping Cooperative","Ithaca, NY - Snyder","2025","","2025 winter oat pea intercrop trial located in Ithaca","phenotyping_trial","1.26","",0.2772,"2024-10-04","","CU_2025_Ithaca_WOP_PLOT_101","NC20-4526",101,1,"","","",1,1,"","","","","",""
"CU_2025_Ithaca_WOP_PLOT","Intercropping Cooperative","Ithaca, NY - Snyder","2025","","2025 winter oat pea intercrop trial located in Ithaca","phenotyping_trial","1.26","",0.2772,"2024-10-04","","CU_2025_Ithaca_WOP_PLOT_102","NC20-4526",102,1,"","","",1,2,"","","","","",""
"CU_2025_Ithaca_WOP_PLOT","Intercropping Cooperative","Ithaca, NY - Snyder","2025","","2025 winter oat pea intercrop trial located in Ithaca","phenotyping_trial","1.26","",0.2772,"2024-10-04","","CU_2025_Ithaca_WOP_PLOT_103","NC21-6610",103,1,"","","",1,3,"","","","","",""
"CU_2025_Ithaca_WOP_PLOT","Intercropping Cooperative","Ithaca, NY - Snyder","2025","","2025 winter oat pea intercrop trial located in Ithaca","phenotyping_trial","1.26","",0.2772,"2024-10-04","","CU_2025_Ithaca_WOP_PLOT_104","NC21-6610",104,1,"","","",1,4,"","","","","",""
"CU_2025_Ithaca_WOP_PLOT","Intercropping Cooperative","Ithaca, NY - Snyder","2025","","2025 winter oat pea intercrop trial located in Ithaca","phenotyping_trial","1.26","",0.2772,"2024-10-04","","CU_2025_Ithaca_WOP_PLOT_105","PI365619",105,1,"","","",1,5,"","","","","",""
"CU_2025_Ithaca_WOP_PLOT","Intercropping Cooperative","Ithaca, NY - Snyder","2025","","2025 winter oat pea intercrop trial located in Ithaca","phenotyping_trial","1.26","",0.2772,"2024-10-04","","CU_2025_Ithaca_WOP_PLOT_106","OZARK|POGI",106,1,"","","",1,6,"","","","","",""
"CU_2025_Ithaca_WOP_PLOT","Intercropping Cooperative","Ithaca, NY - Snyder","2025","","2025 winter oat pea intercrop trial located in Ithaca","phenotyping_trial","1.26","",0.2772,"2024-10-04","","CU_2025_Ithaca_WOP_PLOT_107","OZARK|POGI",107,1,"","","",1,7,"","","","","",""
"CU_2025_Ithaca_WOP_PLOT","Intercropping Cooperative","Ithaca, NY - Snyder","2025","","2025 winter oat pea intercrop trial located in Ithaca","phenotyping_trial","1.26","",0.2772,"2024-10-04","","CU_2025_Ithaca_WOP_PLOT_108","Gerard 227",108,1,"","","",1,8,"","","","","",""
"CU_2025_Ithaca_WOP_PLOT","Intercropping Cooperative","Ithaca, NY - Snyder","2025","","2025 winter oat pea intercrop trial located in Ithaca","phenotyping_trial","1.26","",0.2772,"2024-10-04","","CU_2025_Ithaca_WOP_PLOT_109","Gerard 227",109,1,"","","",1,9,"","","","","",""
"CU_2025_Ithaca_WOP_PLOT","Intercropping Cooperative","Ithaca, NY - Snyder","2025","","2025 winter oat pea intercrop trial located in Ithaca","phenotyping_trial","1.26","",0.2772,"2024-10-04","","CU_2025_Ithaca_WOP_PLOT_110","NC21-6492",110,1,"","","",1,10,"","","","","",""
"CU_2025_Ithaca_WOP_PLOT","Intercropping Cooperative","Ithaca, NY - Snyder","2025","","2025 winter oat pea intercrop trial located in Ithaca","phenotyping_trial","1.26","",0.2772,"2024-10-04","","CU_2025_Ithaca_WOP_PLOT_111","NC21-6492",111,1,"","","",1,11,"","","","","",""
"CU_2025_Ithaca_WOP_PLOT","Intercropping Cooperative","Ithaca, NY - Snyder","2025","","2025 winter oat pea intercrop trial located in Ithaca","phenotyping_trial","1.26","",0.2772,"2024-10-04","","CU_2025_Ithaca_WOP_PLOT_112","AVE265_59",112,1,"","","",1,12,"","","","","",""
"CU_2025_Ithaca_WOP_PLOT","Intercropping Cooperative","Ithaca, NY - Snyder","2025","","2025 winter oat pea intercrop trial located in Ithaca","phenotyping_trial","1.26","",0.2772,"2024-10-04","","CU_2025_Ithaca_WOP_PLOT_113","NF99414-1",113,1,"","","",2,12,"","","","","",""
"CU_2025_Ithaca_WOP_PLOT","Intercropping Cooperative","Ithaca, NY - Snyder","2025","","2025 winter oat pea intercrop trial located in Ithaca","phenotyping_trial","1.26","",0.2772,"2024-10-04","","CU_2025_Ithaca_WOP_PLOT_114","NF99414-1",114,1,"","","",2,11,"","","","","",""
"CU_2025_Ithaca_WOP_PLOT","Intercropping Cooperative","Ithaca, NY - Snyder","2025","","2025 winter oat pea intercrop trial located in Ithaca","phenotyping_trial","1.26","",0.2772,"2024-10-04","","CU_2025_Ithaca_WOP_PLOT_115","NO_OATS_PLANTED",115,1,"","","",2,10,"","","","","","1"
"CU_2025_Ithaca_WOP_PLOT","Intercropping Cooperative","Ithaca, NY - Snyder","2025","","2025 winter oat pea intercrop trial located in Ithaca","phenotyping_trial","1.26","",0.2772,"2024-10-04","","CU_2025_Ithaca_WOP_PLOT_116","NO_OATS_PLANTED",116,1,"","","",2,9,"","","","","","1"
"CU_2025_Ithaca_WOP_PLOT","Intercropping Cooperative","Ithaca, NY - Snyder","2025","","2025 winter oat pea intercrop trial located in Ithaca","phenotyping_trial","1.26","",0.2772,"2024-10-04","","CU_2025_Ithaca_WOP_PLOT_117","NC20-4702",117,1,"","","",2,8,"","","","","",""
"CU_2025_Ithaca_WOP_PLOT","Intercropping Cooperative","Ithaca, NY - Snyder","2025","","2025 winter oat pea intercrop trial located in Ithaca","phenotyping_trial","1.26","",0.2772,"2024-10-04","","CU_2025_Ithaca_WOP_PLOT_118","NC20-4702",118,1,"","","",2,7,"","","","","",""
"CU_2025_Ithaca_WOP_PLOT","Intercropping Cooperative","Ithaca, NY - Snyder","2025","","2025 winter oat pea intercrop trial located in Ithaca","phenotyping_trial","1.26","",0.2772,"2024-10-04","","CU_2025_Ithaca_WOP_PLOT_119","CAV2980",119,1,"","","",2,6,"","","","","",""
"CU_2025_Ithaca_WOP_PLOT","Intercropping Cooperative","Ithaca, NY - Snyder","2025","","2025 winter oat pea intercrop trial located in Ithaca","phenotyping_trial","1.26","",0.2772,"2024-10-04","","CU_2025_Ithaca_WOP_PLOT_120","FLLA17069-54",120,1,"","","",2,5,"","","","","",""
"CU_2025_Ithaca_WOP_PLOT","Intercropping Cooperative","Ithaca, NY - Snyder","2025","","2025 winter oat pea intercrop trial located in Ithaca","phenotyping_trial","1.26","",0.2772,"2024-10-04","","CU_2025_Ithaca_WOP_PLOT_121","FLLA17069-54",121,1,"","","",2,4,"","","","","",""
"CU_2025_Ithaca_WOP_PLOT","Intercropping Cooperative","Ithaca, NY - Snyder","2025","","2025 winter oat pea intercrop trial located in Ithaca","phenotyping_trial","1.26","",0.2772,"2024-10-04","","CU_2025_Ithaca_WOP_PLOT_122","OKAY",122,1,"","","",2,3,"","","","","",""
"CU_2025_Ithaca_WOP_PLOT","Intercropping Cooperative","Ithaca, NY - Snyder","2025","","2025 winter oat pea intercrop trial located in Ithaca","phenotyping_trial","1.26","",0.2772,"2024-10-04","","CU_2025_Ithaca_WOP_PLOT_123","OKAY",123,1,"","","",2,2,"","","","","",""
"CU_2025_Ithaca_WOP_PLOT","Intercropping Cooperative","Ithaca, NY - Snyder","2025","","2025 winter oat pea intercrop trial located in Ithaca","phenotyping_trial","1.26","",0.2772,"2024-10-04","","CU_2025_Ithaca_WOP_PLOT_124","SCLA17031SBSS-4-1",124,1,"","","",2,1,"","","","","",""
"CU_2025_Ithaca_WOP_PLOT","Intercropping Cooperative","Ithaca, NY - Snyder","2025","","2025 winter oat pea intercrop trial located in Ithaca","phenotyping_trial","1.26","",0.2772,"2024-10-04","","CU_2025_Ithaca_WOP_PLOT_125","SCLA17031SBSS-4-1",125,1,"","","",3,1,"","","","","",""
"CU_2025_Ithaca_WOP_PLOT","Intercropping Cooperative","Ithaca, NY - Snyder","2025","","2025 winter oat pea intercrop trial located in Ithaca","phenotyping_trial","1.26","",0.2772,"2024-10-04","","CU_2025_Ithaca_WOP_PLOT_126","GERARD224",126,1,"","","",3,2,"","","","","",""
"CU_2025_Ithaca_WOP_PLOT","Intercropping Cooperative","Ithaca, NY - Snyder","2025","","2025 winter oat pea intercrop trial located in Ithaca","phenotyping_trial","1.26","",0.2772,"2024-10-04","","CU_2025_Ithaca_WOP_PLOT_127","GERARD224",127,1,"","","",3,3,"","","","","",""
"CU_2025_Ithaca_WOP_PLOT","Intercropping Cooperative","Ithaca, NY - Snyder","2025","","2025 winter oat pea intercrop trial located in Ithaca","phenotyping_trial","1.26","",0.2772,"2024-10-04","","CU_2025_Ithaca_WOP_PLOT_128","NF12AS-100-4_2",128,1,"","","",3,4,"","","","","",""
"CU_2025_Ithaca_WOP_PLOT","Intercropping Cooperative","Ithaca, NY - Snyder","2025","","2025 winter oat pea intercrop trial located in Ithaca","phenotyping_trial","1.26","",0.2772,"2024-10-04","","CU_2025_Ithaca_WOP_PLOT_129","NF12AS-100-4_2",129,1,"","","",3,5,"","","","","",""
"CU_2025_Ithaca_WOP_PLOT","Intercropping Cooperative","Ithaca, NY - Snyder","2025","","2025 winter oat pea intercrop trial located in Ithaca","phenotyping_trial","1.26","",0.2772,"2024-10-04","","CU_2025_Ithaca_WOP_PLOT_130","TX18OCS9125",130,1,"","","",3,6,"","","","","",""
"CU_2025_Ithaca_WOP_PLOT","Intercropping Cooperative","Ithaca, NY - Snyder","2025","","2025 winter oat pea intercrop trial located in Ithaca","phenotyping_trial","1.26","",0.2772,"2024-10-04","","CU_2025_Ithaca_WOP_PLOT_131","TX18OCS9125",131,1,"","","",3,7,"","","","","",""
"CU_2025_Ithaca_WOP_PLOT","Intercropping Cooperative","Ithaca, NY - Snyder","2025","","2025 winter oat pea intercrop trial located in Ithaca","phenotyping_trial","1.26","",0.2772,"2024-10-04","","CU_2025_Ithaca_WOP_PLOT_132","NC21-6511",132,1,"","","",3,8,"","","","","",""
"CU_2025_Ithaca_WOP_PLOT","Intercropping Cooperative","Ithaca, NY - Snyder","2025","","2025 winter oat pea intercrop trial located in Ithaca","phenotyping_trial","1.26","",0.2772,"2024-10-04","","CU_2025_Ithaca_WOP_PLOT_133","NC21-6511",133,1,"","","",3,9,"","","","","",""
"CU_2025_Ithaca_WOP_PLOT","Intercropping Cooperative","Ithaca, NY - Snyder","2025","","2025 winter oat pea intercrop trial located in Ithaca","phenotyping_trial","1.26","",0.2772,"2024-10-04","","CU_2025_Ithaca_WOP_PLOT_134","TX18OCS9104",134,1,"","","",3,10,"","","","","",""
"CU_2025_Ithaca_WOP_PLOT","Intercropping Cooperative","Ithaca, NY - Snyder","2025","","2025 winter oat pea intercrop trial located in Ithaca","phenotyping_trial","1.26","",0.2772,"2024-10-04","","CU_2025_Ithaca_WOP_PLOT_135","TX18OCS9104",135,1,"","","",3,11,"","","","","",""
"CU_2025_Ithaca_WOP_PLOT","Intercropping Cooperative","Ithaca, NY - Snyder","2025","","2025 winter oat pea intercrop trial located in Ithaca","phenotyping_trial","1.26","",0.2772,"2024-10-04","","CU_2025_Ithaca_WOP_PLOT_136","NF18",136,1,"","","",3,12,"","","","","",""
"CU_2025_Ithaca_WOP_PLOT","Intercropping Cooperative","Ithaca, NY - Snyder","2025","","2025 winter oat pea intercrop trial located in Ithaca","phenotyping_trial","1.26","",0.2772,"2024-10-04","","CU_2025_Ithaca_WOP_PLOT_137","NF18",137,1,"","","",4,12,"","","","","",""
"CU_2025_Ithaca_WOP_PLOT","Intercropping Cooperative","Ithaca, NY - Snyder","2025","","2025 winter oat pea intercrop trial located in Ithaca","phenotyping_trial","1.26","",0.2772,"2024-10-04","","CU_2025_Ithaca_WOP_PLOT_138","TX18OCS9100",138,1,"","","",4,11,"","","","","",""
"CU_2025_Ithaca_WOP_PLOT","Intercropping Cooperative","Ithaca, NY - Snyder","2025","","2025 winter oat pea intercrop trial located in Ithaca","phenotyping_trial","1.26","",0.2772,"2024-10-04","","CU_2025_Ithaca_WOP_PLOT_139","TX18OCS9100",139,1,"","","",4,10,"","","","","",""
"CU_2025_Ithaca_WOP_PLOT","Intercropping Cooperative","Ithaca, NY - Snyder","2025","","2025 winter oat pea intercrop trial located in Ithaca","phenotyping_trial","1.26","",0.2772,"2024-10-04","","CU_2025_Ithaca_WOP_PLOT_140","KARCAGI",140,1,"","","",4,9,"","","","","",""
"CU_2025_Ithaca_WOP_PLOT","Intercropping Cooperative","Ithaca, NY - Snyder","2025","","2025 winter oat pea intercrop trial located in Ithaca","phenotyping_trial","1.26","",0.2772,"2024-10-04","","CU_2025_Ithaca_WOP_PLOT_141","NC20-4551",141,1,"","","",4,8,"","","","","",""
"CU_2025_Ithaca_WOP_PLOT","Intercropping Cooperative","Ithaca, NY - Snyder","2025","","2025 winter oat pea intercrop trial located in Ithaca","phenotyping_trial","1.26","",0.2772,"2024-10-04","","CU_2025_Ithaca_WOP_PLOT_142","NC20-4551",142,1,"","","",4,7,"","","","","",""
"CU_2025_Ithaca_WOP_PLOT","Intercropping Cooperative","Ithaca, NY - Snyder","2025","","2025 winter oat pea intercrop trial located in Ithaca","phenotyping_trial","1.26","",0.2772,"2024-10-04","","CU_2025_Ithaca_WOP_PLOT_201","OZARK|POGI",201,2,"","","",4,6,"","","","","",""
"CU_2025_Ithaca_WOP_PLOT","Intercropping Cooperative","Ithaca, NY - Snyder","2025","","2025 winter oat pea intercrop trial located in Ithaca","phenotyping_trial","1.26","",0.2772,"2024-10-04","","CU_2025_Ithaca_WOP_PLOT_202","OZARK|POGI",202,2,"","","",4,5,"","","","","",""
"CU_2025_Ithaca_WOP_PLOT","Intercropping Cooperative","Ithaca, NY - Snyder","2025","","2025 winter oat pea intercrop trial located in Ithaca","phenotyping_trial","1.26","",0.2772,"2024-10-04","","CU_2025_Ithaca_WOP_PLOT_203","NF99401_1-1",203,2,"","","",4,4,"","","","","",""
"CU_2025_Ithaca_WOP_PLOT","Intercropping Cooperative","Ithaca, NY - Snyder","2025","","2025 winter oat pea intercrop trial located in Ithaca","phenotyping_trial","1.26","",0.2772,"2024-10-04","","CU_2025_Ithaca_WOP_PLOT_204","NF99401_1-1",204,2,"","","",4,3,"","","","","",""
"CU_2025_Ithaca_WOP_PLOT","Intercropping Cooperative","Ithaca, NY - Snyder","2025","","2025 winter oat pea intercrop trial located in Ithaca","phenotyping_trial","1.26","",0.2772,"2024-10-04","","CU_2025_Ithaca_WOP_PLOT_205","LA17089SBS-45-1-1",205,2,"","","",4,2,"","","","","",""
"CU_2025_Ithaca_WOP_PLOT","Intercropping Cooperative","Ithaca, NY - Snyder","2025","","2025 winter oat pea intercrop trial located in Ithaca","phenotyping_trial","1.26","",0.2772,"2024-10-04","","CU_2025_Ithaca_WOP_PLOT_206","LA17089SBS-45-1-1",206,2,"","","",4,1,"","","","","",""
"CU_2025_Ithaca_WOP_PLOT","Intercropping Cooperative","Ithaca, NY - Snyder","2025","","2025 winter oat pea intercrop trial located in Ithaca","phenotyping_trial","1.26","",0.2772,"2024-10-04","","CU_2025_Ithaca_WOP_PLOT_207","SA21",207,2,"","","",5,1,"","","","","",""
"CU_2025_Ithaca_WOP_PLOT","Intercropping Cooperative","Ithaca, NY - Snyder","2025","","2025 winter oat pea intercrop trial located in Ithaca","phenotyping_trial","1.26","",0.2772,"2024-10-04","","CU_2025_Ithaca_WOP_PLOT_208","PI365616",208,2,"","","",5,2,"","","","","",""
"CU_2025_Ithaca_WOP_PLOT","Intercropping Cooperative","Ithaca, NY - Snyder","2025","","2025 winter oat pea intercrop trial located in Ithaca","phenotyping_trial","1.26","",0.2772,"2024-10-04","","CU_2025_Ithaca_WOP_PLOT_209","NF12AS-73-4_3",209,2,"","","",5,3,"","","","","",""
"CU_2025_Ithaca_WOP_PLOT","Intercropping Cooperative","Ithaca, NY - Snyder","2025","","2025 winter oat pea intercrop trial located in Ithaca","phenotyping_trial","1.26","",0.2772,"2024-10-04","","CU_2025_Ithaca_WOP_PLOT_210","NF12AS-73-4_3",210,2,"","","",5,4,"","","","","",""
"CU_2025_Ithaca_WOP_PLOT","Intercropping Cooperative","Ithaca, NY - Snyder","2025","","2025 winter oat pea intercrop trial located in Ithaca","phenotyping_trial","1.26","",0.2772,"2024-10-04","","CU_2025_Ithaca_WOP_PLOT_211","NF13-4124-4_3",211,2,"","","",5,5,"","","","","",""
"CU_2025_Ithaca_WOP_PLOT","Intercropping Cooperative","Ithaca, NY - Snyder","2025","","2025 winter oat pea intercrop trial located in Ithaca","phenotyping_trial","1.26","",0.2772,"2024-10-04","","CU_2025_Ithaca_WOP_PLOT_212","NF13-4124-4_3",212,2,"","","",5,6,"","","","","",""
"CU_2025_Ithaca_WOP_PLOT","Intercropping Cooperative","Ithaca, NY - Snyder","2025","","2025 winter oat pea intercrop trial located in Ithaca","phenotyping_trial","1.26","",0.2772,"2024-10-04","","CU_2025_Ithaca_WOP_PLOT_213","NC21-6576",213,2,"","","",5,7,"","","","","",""
"CU_2025_Ithaca_WOP_PLOT","Intercropping Cooperative","Ithaca, NY - Snyder","2025","","2025 winter oat pea intercrop trial located in Ithaca","phenotyping_trial","1.26","",0.2772,"2024-10-04","","CU_2025_Ithaca_WOP_PLOT_214","NC21-6576",214,2,"","","",5,8,"","","","","",""
"CU_2025_Ithaca_WOP_PLOT","Intercropping Cooperative","Ithaca, NY - Snyder","2025","","2025 winter oat pea intercrop trial located in Ithaca","phenotyping_trial","1.26","",0.2772,"2024-10-04","","CU_2025_Ithaca_WOP_PLOT_215","NC20-4795",215,2,"","","",5,9,"","","","","",""
"CU_2025_Ithaca_WOP_PLOT","Intercropping Cooperative","Ithaca, NY - Snyder","2025","","2025 winter oat pea intercrop trial located in Ithaca","phenotyping_trial","1.26","",0.2772,"2024-10-04","","CU_2025_Ithaca_WOP_PLOT_216","NC20-4795",216,2,"","","",5,10,"","","","","",""
"CU_2025_Ithaca_WOP_PLOT","Intercropping Cooperative","Ithaca, NY - Snyder","2025","","2025 winter oat pea intercrop trial located in Ithaca","phenotyping_trial","1.26","",0.2772,"2024-10-04","","CU_2025_Ithaca_WOP_PLOT_217","NO_OATS_PLANTED",217,2,"","","",5,11,"","","","","","1"
"CU_2025_Ithaca_WOP_PLOT","Intercropping Cooperative","Ithaca, NY - Snyder","2025","","2025 winter oat pea intercrop trial located in Ithaca","phenotyping_trial","1.26","",0.2772,"2024-10-04","","CU_2025_Ithaca_WOP_PLOT_218","NO_OATS_PLANTED",218,2,"","","",5,12,"","","","","","1"
"CU_2025_Ithaca_WOP_PLOT","Intercropping Cooperative","Ithaca, NY - Snyder","2025","","2025 winter oat pea intercrop trial located in Ithaca","phenotyping_trial","1.26","",0.2772,"2024-10-04","","CU_2025_Ithaca_WOP_PLOT_219","TX19CAS0058",219,2,"","","",6,12,"","","","","",""
"CU_2025_Ithaca_WOP_PLOT","Intercropping Cooperative","Ithaca, NY - Snyder","2025","","2025 winter oat pea intercrop trial located in Ithaca","phenotyping_trial","1.26","",0.2772,"2024-10-04","","CU_2025_Ithaca_WOP_PLOT_220","TX19CAS0058",220,2,"","","",6,11,"","","","","",""
"CU_2025_Ithaca_WOP_PLOT","Intercropping Cooperative","Ithaca, NY - Snyder","2025","","2025 winter oat pea intercrop trial located in Ithaca","phenotyping_trial","1.26","",0.2772,"2024-10-04","","CU_2025_Ithaca_WOP_PLOT_221","AVE265_59",221,2,"","","",6,10,"","","","","",""
"CU_2025_Ithaca_WOP_PLOT","Intercropping Cooperative","Ithaca, NY - Snyder","2025","","2025 winter oat pea intercrop trial located in Ithaca","phenotyping_trial","1.26","",0.2772,"2024-10-04","","CU_2025_Ithaca_WOP_PLOT_222","NC21-6429",222,2,"","","",6,9,"","","","","",""
"CU_2025_Ithaca_WOP_PLOT","Intercropping Cooperative","Ithaca, NY - Snyder","2025","","2025 winter oat pea intercrop trial located in Ithaca","phenotyping_trial","1.26","",0.2772,"2024-10-04","","CU_2025_Ithaca_WOP_PLOT_223","NC21-6429",223,2,"","","",6,8,"","","","","",""
"CU_2025_Ithaca_WOP_PLOT","Intercropping Cooperative","Ithaca, NY - Snyder","2025","","2025 winter oat pea intercrop trial located in Ithaca","phenotyping_trial","1.26","",0.2772,"2024-10-04","","CU_2025_Ithaca_WOP_PLOT_224","LA17153SBSS-55-1",224,2,"","","",6,7,"","","","","",""
"CU_2025_Ithaca_WOP_PLOT","Intercropping Cooperative","Ithaca, NY - Snyder","2025","","2025 winter oat pea intercrop trial located in Ithaca","phenotyping_trial","1.26","",0.2772,"2024-10-04","","CU_2025_Ithaca_WOP_PLOT_225","LA17153SBSS-55-1",225,2,"","","",6,6,"","","","","",""
"CU_2025_Ithaca_WOP_PLOT","Intercropping Cooperative","Ithaca, NY - Snyder","2025","","2025 winter oat pea intercrop trial located in Ithaca","phenotyping_trial","1.26","",0.2772,"2024-10-04","","CU_2025_Ithaca_WOP_PLOT_226","NF13-4173-4_4",226,2,"","","",6,5,"","","","","",""
"CU_2025_Ithaca_WOP_PLOT","Intercropping Cooperative","Ithaca, NY - Snyder","2025","","2025 winter oat pea intercrop trial located in Ithaca","phenotyping_trial","1.26","",0.2772,"2024-10-04","","CU_2025_Ithaca_WOP_PLOT_227","NF13-4173-4_4",227,2,"","","",6,4,"","","","","",""
"CU_2025_Ithaca_WOP_PLOT","Intercropping Cooperative","Ithaca, NY - Snyder","2025","","2025 winter oat pea intercrop trial located in Ithaca","phenotyping_trial","1.26","",0.2772,"2024-10-04","","CU_2025_Ithaca_WOP_PLOT_228","NF13-4214-4_5",228,2,"","","",6,3,"","","","","",""
"CU_2025_Ithaca_WOP_PLOT","Intercropping Cooperative","Ithaca, NY - Snyder","2025","","2025 winter oat pea intercrop trial located in Ithaca","phenotyping_trial","1.26","",0.2772,"2024-10-04","","CU_2025_Ithaca_WOP_PLOT_229","NF13-4214-4_5",229,2,"","","",6,2,"","","","","",""
"CU_2025_Ithaca_WOP_PLOT","Intercropping Cooperative","Ithaca, NY - Snyder","2025","","2025 winter oat pea intercrop trial located in Ithaca","phenotyping_trial","1.26","",0.2772,"2024-10-04","","CU_2025_Ithaca_WOP_PLOT_230","NF12AS-108-4_4",230,2,"","","",6,1,"","","","","",""
"CU_2025_Ithaca_WOP_PLOT","Intercropping Cooperative","Ithaca, NY - Snyder","2025","","2025 winter oat pea intercrop trial located in Ithaca","phenotyping_trial","1.26","",0.2772,"2024-10-04","","CU_2025_Ithaca_WOP_PLOT_231","NF12AS-108-4_4",231,2,"","","",7,1,"","","","","",""
"CU_2025_Ithaca_WOP_PLOT","Intercropping Cooperative","Ithaca, NY - Snyder","2025","","2025 winter oat pea intercrop trial located in Ithaca","phenotyping_trial","1.26","",0.2772,"2024-10-04","","CU_2025_Ithaca_WOP_PLOT_232","NORA",232,2,"","","",7,2,"","","","","",""
"CU_2025_Ithaca_WOP_PLOT","Intercropping Cooperative","Ithaca, NY - Snyder","2025","","2025 winter oat pea intercrop trial located in Ithaca","phenotyping_trial","1.26","",0.2772,"2024-10-04","","CU_2025_Ithaca_WOP_PLOT_233","NORA",233,2,"","","",7,3,"","","","","",""
"CU_2025_Ithaca_WOP_PLOT","Intercropping Cooperative","Ithaca, NY - Snyder","2025","","2025 winter oat pea intercrop trial located in Ithaca","phenotyping_trial","1.26","",0.2772,"2024-10-04","","CU_2025_Ithaca_WOP_PLOT_234","BLACK_MESDAG|PI93284",234,2,"","","",7,4,"","","","","",""
"CU_2025_Ithaca_WOP_PLOT","Intercropping Cooperative","Ithaca, NY - Snyder","2025","","2025 winter oat pea intercrop trial located in Ithaca","phenotyping_trial","1.26","",0.2772,"2024-10-04","","CU_2025_Ithaca_WOP_PLOT_235","NF13-4173-4_5",235,2,"","","",7,5,"","","","","",""
"CU_2025_Ithaca_WOP_PLOT","Intercropping Cooperative","Ithaca, NY - Snyder","2025","","2025 winter oat pea intercrop trial located in Ithaca","phenotyping_trial","1.26","",0.2772,"2024-10-04","","CU_2025_Ithaca_WOP_PLOT_236","NF13-4173-4_5",236,2,"","","",7,6,"","","","","",""
"CU_2025_Ithaca_WOP_PLOT","Intercropping Cooperative","Ithaca, NY - Snyder","2025","","2025 winter oat pea intercrop trial located in Ithaca","phenotyping_trial","1.26","",0.2772,"2024-10-04","","CU_2025_Ithaca_WOP_PLOT_237","FLLA17069-54",237,2,"","","",7,7,"","","","","",""
"CU_2025_Ithaca_WOP_PLOT","Intercropping Cooperative","Ithaca, NY - Snyder","2025","","2025 winter oat pea intercrop trial located in Ithaca","phenotyping_trial","1.26","",0.2772,"2024-10-04","","CU_2025_Ithaca_WOP_PLOT_238","FLLA17069-54",238,2,"","","",7,8,"","","","","",""
"CU_2025_Ithaca_WOP_PLOT","Intercropping Cooperative","Ithaca, NY - Snyder","2025","","2025 winter oat pea intercrop trial located in Ithaca","phenotyping_trial","1.26","",0.2772,"2024-10-04","","CU_2025_Ithaca_WOP_PLOT_239","NF502_5",239,2,"","","",7,9,"","","","","",""
"CU_2025_Ithaca_WOP_PLOT","Intercropping Cooperative","Ithaca, NY - Snyder","2025","","2025 winter oat pea intercrop trial located in Ithaca","phenotyping_trial","1.26","",0.2772,"2024-10-04","","CU_2025_Ithaca_WOP_PLOT_240","NF502_5",240,2,"","","",7,10,"","","","","",""
"CU_2025_Ithaca_WOP_PLOT","Intercropping Cooperative","Ithaca, NY - Snyder","2025","","2025 winter oat pea intercrop trial located in Ithaca","phenotyping_trial","1.26","",0.2772,"2024-10-04","","CU_2025_Ithaca_WOP_PLOT_241","NF12AS-107-4_2-1",241,2,"","","",7,11,"","","","","",""
"CU_2025_Ithaca_WOP_PLOT","Intercropping Cooperative","Ithaca, NY - Snyder","2025","","2025 winter oat pea intercrop trial located in Ithaca","phenotyping_trial","1.26","",0.2772,"2024-10-04","","CU_2025_Ithaca_WOP_PLOT_242","NF12AS-107-4_2-1",242,2,"","","",7,12,"","","","","",""
"CU_2025_Ithaca_WOP_PLOT","Intercropping Cooperative","Ithaca, NY - Snyder","2025","","2025 winter oat pea intercrop trial located in Ithaca","phenotyping_trial","1.26","",0.2772,"2024-10-04","","CU_2025_Ithaca_WOP_PLOT_301","PA7617-3658",301,3,"","","",8,12,"","","","","",""
"CU_2025_Ithaca_WOP_PLOT","Intercropping Cooperative","Ithaca, NY - Snyder","2025","","2025 winter oat pea intercrop trial located in Ithaca","phenotyping_trial","1.26","",0.2772,"2024-10-04","","CU_2025_Ithaca_WOP_PLOT_302","PA7617-3658",302,3,"","","",8,11,"","","","","",""
"CU_2025_Ithaca_WOP_PLOT","Intercropping Cooperative","Ithaca, NY - Snyder","2025","","2025 winter oat pea intercrop trial located in Ithaca","phenotyping_trial","1.26","",0.2772,"2024-10-04","","CU_2025_Ithaca_WOP_PLOT_303","KARCAGI",303,3,"","","",8,10,"","","","","",""
"CU_2025_Ithaca_WOP_PLOT","Intercropping Cooperative","Ithaca, NY - Snyder","2025","","2025 winter oat pea intercrop trial located in Ithaca","phenotyping_trial","1.26","",0.2772,"2024-10-04","","CU_2025_Ithaca_WOP_PLOT_304","LA17089SBS-45-1-1",304,3,"","","",8,9,"","","","","",""
"CU_2025_Ithaca_WOP_PLOT","Intercropping Cooperative","Ithaca, NY - Snyder","2025","","2025 winter oat pea intercrop trial located in Ithaca","phenotyping_trial","1.26","",0.2772,"2024-10-04","","CU_2025_Ithaca_WOP_PLOT_305","LA17089SBS-45-1-1",305,3,"","","",8,8,"","","","","",""
"CU_2025_Ithaca_WOP_PLOT","Intercropping Cooperative","Ithaca, NY - Snyder","2025","","2025 winter oat pea intercrop trial located in Ithaca","phenotyping_trial","1.26","",0.2772,"2024-10-04","","CU_2025_Ithaca_WOP_PLOT_306","Horizon 578",306,3,"","","",8,7,"","","","","",""
"CU_2025_Ithaca_WOP_PLOT","Intercropping Cooperative","Ithaca, NY - Snyder","2025","","2025 winter oat pea intercrop trial located in Ithaca","phenotyping_trial","1.26","",0.2772,"2024-10-04","","CU_2025_Ithaca_WOP_PLOT_307","Horizon 578",307,3,"","","",8,6,"","","","","",""
"CU_2025_Ithaca_WOP_PLOT","Intercropping Cooperative","Ithaca, NY - Snyder","2025","","2025 winter oat pea intercrop trial located in Ithaca","phenotyping_trial","1.26","",0.2772,"2024-10-04","","CU_2025_Ithaca_WOP_PLOT_308","NC21-6609",308,3,"","","",8,5,"","","","","",""
"CU_2025_Ithaca_WOP_PLOT","Intercropping Cooperative","Ithaca, NY - Snyder","2025","","2025 winter oat pea intercrop trial located in Ithaca","phenotyping_trial","1.26","",0.2772,"2024-10-04","","CU_2025_Ithaca_WOP_PLOT_309","NC21-6609",309,3,"","","",8,4,"","","","","",""
"CU_2025_Ithaca_WOP_PLOT","Intercropping Cooperative","Ithaca, NY - Snyder","2025","","2025 winter oat pea intercrop trial located in Ithaca","phenotyping_trial","1.26","",0.2772,"2024-10-04","","CU_2025_Ithaca_WOP_PLOT_310","LA99016",310,3,"","","",8,3,"","","","","",""
"CU_2025_Ithaca_WOP_PLOT","Intercropping Cooperative","Ithaca, NY - Snyder","2025","","2025 winter oat pea intercrop trial located in Ithaca","phenotyping_trial","1.26","",0.2772,"2024-10-04","","CU_2025_Ithaca_WOP_PLOT_311","LA99016",311,3,"","","",8,2,"","","","","",""
"CU_2025_Ithaca_WOP_PLOT","Intercropping Cooperative","Ithaca, NY - Snyder","2025","","2025 winter oat pea intercrop trial located in Ithaca","phenotyping_trial","1.26","",0.2772,"2024-10-04","","CU_2025_Ithaca_WOP_PLOT_312","NC19-3542",312,3,"","","",8,1,"","","","","",""
"CU_2025_Ithaca_WOP_PLOT","Intercropping Cooperative","Ithaca, NY - Snyder","2025","","2025 winter oat pea intercrop trial located in Ithaca","phenotyping_trial","1.26","",0.2772,"2024-10-04","","CU_2025_Ithaca_WOP_PLOT_313","NC19-3542",313,3,"","","",9,1,"","","","","",""
"CU_2025_Ithaca_WOP_PLOT","Intercropping Cooperative","Ithaca, NY - Snyder","2025","","2025 winter oat pea intercrop trial located in Ithaca","phenotyping_trial","1.26","",0.2772,"2024-10-04","","CU_2025_Ithaca_WOP_PLOT_314","PA7617-3460",314,3,"","","",9,2,"","","","","",""
"CU_2025_Ithaca_WOP_PLOT","Intercropping Cooperative","Ithaca, NY - Snyder","2025","","2025 winter oat pea intercrop trial located in Ithaca","phenotyping_trial","1.26","",0.2772,"2024-10-04","","CU_2025_Ithaca_WOP_PLOT_315","PA7617-3460",315,3,"","","",9,3,"","","","","",""
"CU_2025_Ithaca_WOP_PLOT","Intercropping Cooperative","Ithaca, NY - Snyder","2025","","2025 winter oat pea intercrop trial located in Ithaca","phenotyping_trial","1.26","",0.2772,"2024-10-04","","CU_2025_Ithaca_WOP_PLOT_316","SCLA17080SBS-4-2",316,3,"","","",9,4,"","","","","",""
"CU_2025_Ithaca_WOP_PLOT","Intercropping Cooperative","Ithaca, NY - Snyder","2025","","2025 winter oat pea intercrop trial located in Ithaca","phenotyping_trial","1.26","",0.2772,"2024-10-04","","CU_2025_Ithaca_WOP_PLOT_317","SCLA17080SBS-4-2",317,3,"","","",9,5,"","","","","",""
"CU_2025_Ithaca_WOP_PLOT","Intercropping Cooperative","Ithaca, NY - Snyder","2025","","2025 winter oat pea intercrop trial located in Ithaca","phenotyping_trial","1.26","",0.2772,"2024-10-04","","CU_2025_Ithaca_WOP_PLOT_318","TX19CAS0058",318,3,"","","",9,6,"","","","","",""
"CU_2025_Ithaca_WOP_PLOT","Intercropping Cooperative","Ithaca, NY - Snyder","2025","","2025 winter oat pea intercrop trial located in Ithaca","phenotyping_trial","1.26","",0.2772,"2024-10-04","","CU_2025_Ithaca_WOP_PLOT_319","TX19CAS0058",319,3,"","","",9,7,"","","","","",""
"CU_2025_Ithaca_WOP_PLOT","Intercropping Cooperative","Ithaca, NY - Snyder","2025","","2025 winter oat pea intercrop trial located in Ithaca","phenotyping_trial","1.26","",0.2772,"2024-10-04","","CU_2025_Ithaca_WOP_PLOT_320","NO_OATS_PLANTED",320,3,"","","",9,8,"","","","","","1"
"CU_2025_Ithaca_WOP_PLOT","Intercropping Cooperative","Ithaca, NY - Snyder","2025","","2025 winter oat pea intercrop trial located in Ithaca","phenotyping_trial","1.26","",0.2772,"2024-10-04","","CU_2025_Ithaca_WOP_PLOT_321","NO_OATS_PLANTED",321,3,"","","",9,9,"","","","","","1"
"CU_2025_Ithaca_WOP_PLOT","Intercropping Cooperative","Ithaca, NY - Snyder","2025","","2025 winter oat pea intercrop trial located in Ithaca","phenotyping_trial","1.26","",0.2772,"2024-10-04","","CU_2025_Ithaca_WOP_PLOT_322","28C2",322,3,"","","",9,10,"","","","","",""
"CU_2025_Ithaca_WOP_PLOT","Intercropping Cooperative","Ithaca, NY - Snyder","2025","","2025 winter oat pea intercrop trial located in Ithaca","phenotyping_trial","1.26","",0.2772,"2024-10-04","","CU_2025_Ithaca_WOP_PLOT_323","CAV3163",323,3,"","","",9,11,"","","","","",""
"CU_2025_Ithaca_WOP_PLOT","Intercropping Cooperative","Ithaca, NY - Snyder","2025","","2025 winter oat pea intercrop trial located in Ithaca","phenotyping_trial","1.26","",0.2772,"2024-10-04","","CU_2025_Ithaca_WOP_PLOT_324","Juggernaut",324,3,"","","",9,12,"","","","","",""
"CU_2025_Ithaca_WOP_PLOT","Intercropping Cooperative","Ithaca, NY - Snyder","2025","","2025 winter oat pea intercrop trial located in Ithaca","phenotyping_trial","1.26","",0.2772,"2024-10-04","","CU_2025_Ithaca_WOP_PLOT_325","Juggernaut",325,3,"","","",10,12,"","","","","",""
"CU_2025_Ithaca_WOP_PLOT","Intercropping Cooperative","Ithaca, NY - Snyder","2025","","2025 winter oat pea intercrop trial located in Ithaca","phenotyping_trial","1.26","",0.2772,"2024-10-04","","CU_2025_Ithaca_WOP_PLOT_326","SCLA17031SBSS-4-1",326,3,"","","",10,11,"","","","","",""
"CU_2025_Ithaca_WOP_PLOT","Intercropping Cooperative","Ithaca, NY - Snyder","2025","","2025 winter oat pea intercrop trial located in Ithaca","phenotyping_trial","1.26","",0.2772,"2024-10-04","","CU_2025_Ithaca_WOP_PLOT_327","SCLA17031SBSS-4-1",327,3,"","","",10,10,"","","","","",""
"CU_2025_Ithaca_WOP_PLOT","Intercropping Cooperative","Ithaca, NY - Snyder","2025","","2025 winter oat pea intercrop trial located in Ithaca","phenotyping_trial","1.26","",0.2772,"2024-10-04","","CU_2025_Ithaca_WOP_PLOT_328","NF00407",328,3,"","","",10,9,"","","","","",""
"CU_2025_Ithaca_WOP_PLOT","Intercropping Cooperative","Ithaca, NY - Snyder","2025","","2025 winter oat pea intercrop trial located in Ithaca","phenotyping_trial","1.26","",0.2772,"2024-10-04","","CU_2025_Ithaca_WOP_PLOT_329","NF00407",329,3,"","","",10,8,"","","","","",""
"CU_2025_Ithaca_WOP_PLOT","Intercropping Cooperative","Ithaca, NY - Snyder","2025","","2025 winter oat pea intercrop trial located in Ithaca","phenotyping_trial","1.26","",0.2772,"2024-10-04","","CU_2025_Ithaca_WOP_PLOT_330","HARRISON",330,3,"","","",10,7,"","","","","",""
"CU_2025_Ithaca_WOP_PLOT","Intercropping Cooperative","Ithaca, NY - Snyder","2025","","2025 winter oat pea intercrop trial located in Ithaca","phenotyping_trial","1.26","",0.2772,"2024-10-04","","CU_2025_Ithaca_WOP_PLOT_331","HARRISON",331,3,"","","",10,6,"","","","","",""
"CU_2025_Ithaca_WOP_PLOT","Intercropping Cooperative","Ithaca, NY - Snyder","2025","","2025 winter oat pea intercrop trial located in Ithaca","phenotyping_trial","1.26","",0.2772,"2024-10-04","","CU_2025_Ithaca_WOP_PLOT_332","NF13-4214-4_1",332,3,"","","",10,5,"","","","","",""
"CU_2025_Ithaca_WOP_PLOT","Intercropping Cooperative","Ithaca, NY - Snyder","2025","","2025 winter oat pea intercrop trial located in Ithaca","phenotyping_trial","1.26","",0.2772,"2024-10-04","","CU_2025_Ithaca_WOP_PLOT_333","NF13-4214-4_1",333,3,"","","",10,4,"","","","","",""
"CU_2025_Ithaca_WOP_PLOT","Intercropping Cooperative","Ithaca, NY - Snyder","2025","","2025 winter oat pea intercrop trial located in Ithaca","phenotyping_trial","1.26","",0.2772,"2024-10-04","","CU_2025_Ithaca_WOP_PLOT_334","NF05424_2",334,3,"","","",10,3,"","","","","",""
"CU_2025_Ithaca_WOP_PLOT","Intercropping Cooperative","Ithaca, NY - Snyder","2025","","2025 winter oat pea intercrop trial located in Ithaca","phenotyping_trial","1.26","",0.2772,"2024-10-04","","CU_2025_Ithaca_WOP_PLOT_335","NF05424_2",335,3,"","","",10,2,"","","","","",""
"CU_2025_Ithaca_WOP_PLOT","Intercropping Cooperative","Ithaca, NY - Snyder","2025","","2025 winter oat pea intercrop trial located in Ithaca","phenotyping_trial","1.26","",0.2772,"2024-10-04","","CU_2025_Ithaca_WOP_PLOT_336","TX18OCS9100",336,3,"","","",10,1,"","","","","",""
"CU_2025_Ithaca_WOP_PLOT","Intercropping Cooperative","Ithaca, NY - Snyder","2025","","2025 winter oat pea intercrop trial located in Ithaca","phenotyping_trial","1.26","",0.2772,"2024-10-04","","CU_2025_Ithaca_WOP_PLOT_337","TX18OCS9100",337,3,"","","",11,1,"","","","","",""
"CU_2025_Ithaca_WOP_PLOT","Intercropping Cooperative","Ithaca, NY - Snyder","2025","","2025 winter oat pea intercrop trial located in Ithaca","phenotyping_trial","1.26","",0.2772,"2024-10-04","","CU_2025_Ithaca_WOP_PLOT_338","NC20-4702",338,3,"","","",11,2,"","","","","",""
"CU_2025_Ithaca_WOP_PLOT","Intercropping Cooperative","Ithaca, NY - Snyder","2025","","2025 winter oat pea intercrop trial located in Ithaca","phenotyping_trial","1.26","",0.2772,"2024-10-04","","CU_2025_Ithaca_WOP_PLOT_339","NC20-4702",339,3,"","","",11,3,"","","","","",""
"CU_2025_Ithaca_WOP_PLOT","Intercropping Cooperative","Ithaca, NY - Snyder","2025","","2025 winter oat pea intercrop trial located in Ithaca","phenotyping_trial","1.26","",0.2772,"2024-10-04","","CU_2025_Ithaca_WOP_PLOT_340","PI344827",340,3,"","","",11,4,"","","","","",""
"CU_2025_Ithaca_WOP_PLOT","Intercropping Cooperative","Ithaca, NY - Snyder","2025","","2025 winter oat pea intercrop trial located in Ithaca","phenotyping_trial","1.26","",0.2772,"2024-10-04","","CU_2025_Ithaca_WOP_PLOT_341","NC20-4795",341,3,"","","",11,5,"","","","","",""
"CU_2025_Ithaca_WOP_PLOT","Intercropping Cooperative","Ithaca, NY - Snyder","2025","","2025 winter oat pea intercrop trial located in Ithaca","phenotyping_trial","1.26","",0.2772,"2024-10-04","","CU_2025_Ithaca_WOP_PLOT_342","NC20-4795",342,3,"","","",11,6,"","","","","",""
"CU_2025_Ithaca_WOP_PLOT","Intercropping Cooperative","Ithaca, NY - Snyder","2025","","2025 winter oat pea intercrop trial located in Ithaca","phenotyping_trial","1.26","",0.2772,"2024-10-04","","CU_2025_Ithaca_WOP_PLOT_401","PI365621",401,4,"","","",11,7,"","","","","",""
"CU_2025_Ithaca_WOP_PLOT","Intercropping Cooperative","Ithaca, NY - Snyder","2025","","2025 winter oat pea intercrop trial located in Ithaca","phenotyping_trial","1.26","",0.2772,"2024-10-04","","CU_2025_Ithaca_WOP_PLOT_402","BLACK_MESDAG|PI93284",402,4,"","","",11,8,"","","","","",""
"CU_2025_Ithaca_WOP_PLOT","Intercropping Cooperative","Ithaca, NY - Snyder","2025","","2025 winter oat pea intercrop trial located in Ithaca","phenotyping_trial","1.26","",0.2772,"2024-10-04","","CU_2025_Ithaca_WOP_PLOT_403","NF12AS-107-4_4",403,4,"","","",11,9,"","","","","",""
"CU_2025_Ithaca_WOP_PLOT","Intercropping Cooperative","Ithaca, NY - Snyder","2025","","2025 winter oat pea intercrop trial located in Ithaca","phenotyping_trial","1.26","",0.2772,"2024-10-04","","CU_2025_Ithaca_WOP_PLOT_404","NF12AS-107-4_4",404,4,"","","",11,10,"","","","","",""
"CU_2025_Ithaca_WOP_PLOT","Intercropping Cooperative","Ithaca, NY - Snyder","2025","","2025 winter oat pea intercrop trial located in Ithaca","phenotyping_trial","1.26","",0.2772,"2024-10-04","","CU_2025_Ithaca_WOP_PLOT_405","NF502_5",405,4,"","","",11,11,"","","","","",""
"CU_2025_Ithaca_WOP_PLOT","Intercropping Cooperative","Ithaca, NY - Snyder","2025","","2025 winter oat pea intercrop trial located in Ithaca","phenotyping_trial","1.26","",0.2772,"2024-10-04","","CU_2025_Ithaca_WOP_PLOT_406","NF502_5",406,4,"","","",11,12,"","","","","",""
"CU_2025_Ithaca_WOP_PLOT","Intercropping Cooperative","Ithaca, NY - Snyder","2025","","2025 winter oat pea intercrop trial located in Ithaca","phenotyping_trial","1.26","",0.2772,"2024-10-04","","CU_2025_Ithaca_WOP_PLOT_407","LA17069SBSS-2-1",407,4,"","","",12,12,"","","","","",""
"CU_2025_Ithaca_WOP_PLOT","Intercropping Cooperative","Ithaca, NY - Snyder","2025","","2025 winter oat pea intercrop trial located in Ithaca","phenotyping_trial","1.26","",0.2772,"2024-10-04","","CU_2025_Ithaca_WOP_PLOT_408","LA17069SBSS-2-1",408,4,"","","",12,11,"","","","","",""
"CU_2025_Ithaca_WOP_PLOT","Intercropping Cooperative","Ithaca, NY - Snyder","2025","","2025 winter oat pea intercrop trial located in Ithaca","phenotyping_trial","1.26","",0.2772,"2024-10-04","","CU_2025_Ithaca_WOP_PLOT_409","NO_OATS_PLANTED",409,4,"","","",12,10,"","","","","","1"
"CU_2025_Ithaca_WOP_PLOT","Intercropping Cooperative","Ithaca, NY - Snyder","2025","","2025 winter oat pea intercrop trial located in Ithaca","phenotyping_trial","1.26","",0.2772,"2024-10-04","","CU_2025_Ithaca_WOP_PLOT_410","NO_OATS_PLANTED",410,4,"","","",12,9,"","","","","","1"
"CU_2025_Ithaca_WOP_PLOT","Intercropping Cooperative","Ithaca, NY - Snyder","2025","","2025 winter oat pea intercrop trial located in Ithaca","phenotyping_trial","1.26","",0.2772,"2024-10-04","","CU_2025_Ithaca_WOP_PLOT_411","NF12AS-108-4_4",411,4,"","","",12,8,"","","","","",""
"CU_2025_Ithaca_WOP_PLOT","Intercropping Cooperative","Ithaca, NY - Snyder","2025","","2025 winter oat pea intercrop trial located in Ithaca","phenotyping_trial","1.26","",0.2772,"2024-10-04","","CU_2025_Ithaca_WOP_PLOT_412","NF12AS-108-4_4",412,4,"","","",12,7,"","","","","",""
"CU_2025_Ithaca_WOP_PLOT","Intercropping Cooperative","Ithaca, NY - Snyder","2025","","2025 winter oat pea intercrop trial located in Ithaca","phenotyping_trial","1.26","",0.2772,"2024-10-04","","CU_2025_Ithaca_WOP_PLOT_413","28C2",413,4,"","","",12,6,"","","","","",""
"CU_2025_Ithaca_WOP_PLOT","Intercropping Cooperative","Ithaca, NY - Snyder","2025","","2025 winter oat pea intercrop trial located in Ithaca","phenotyping_trial","1.26","",0.2772,"2024-10-04","","CU_2025_Ithaca_WOP_PLOT_414","NF13-4157-4_2",414,4,"","","",12,5,"","","","","",""
"CU_2025_Ithaca_WOP_PLOT","Intercropping Cooperative","Ithaca, NY - Snyder","2025","","2025 winter oat pea intercrop trial located in Ithaca","phenotyping_trial","1.26","",0.2772,"2024-10-04","","CU_2025_Ithaca_WOP_PLOT_415","NF13-4157-4_2",415,4,"","","",12,4,"","","","","",""
"CU_2025_Ithaca_WOP_PLOT","Intercropping Cooperative","Ithaca, NY - Snyder","2025","","2025 winter oat pea intercrop trial located in Ithaca","phenotyping_trial","1.26","",0.2772,"2024-10-04","","CU_2025_Ithaca_WOP_PLOT_416","NF13-4126-4_3",416,4,"","","",12,3,"","","","","",""
"CU_2025_Ithaca_WOP_PLOT","Intercropping Cooperative","Ithaca, NY - Snyder","2025","","2025 winter oat pea intercrop trial located in Ithaca","phenotyping_trial","1.26","",0.2772,"2024-10-04","","CU_2025_Ithaca_WOP_PLOT_417","NF13-4126-4_3",417,4,"","","",12,2,"","","","","",""
"CU_2025_Ithaca_WOP_PLOT","Intercropping Cooperative","Ithaca, NY - Snyder","2025","","2025 winter oat pea intercrop trial located in Ithaca","phenotyping_trial","1.26","",0.2772,"2024-10-04","","CU_2025_Ithaca_WOP_PLOT_418","NF01404A",418,4,"","","",12,1,"","","","","",""
"CU_2025_Ithaca_WOP_PLOT","Intercropping Cooperative","Ithaca, NY - Snyder","2025","","2025 winter oat pea intercrop trial located in Ithaca","phenotyping_trial","1.26","",0.2772,"2024-10-04","","CU_2025_Ithaca_WOP_PLOT_419","NF01404A",419,4,"","","",13,1,"","","","","",""
"CU_2025_Ithaca_WOP_PLOT","Intercropping Cooperative","Ithaca, NY - Snyder","2025","","2025 winter oat pea intercrop trial located in Ithaca","phenotyping_trial","1.26","",0.2772,"2024-10-04","","CU_2025_Ithaca_WOP_PLOT_420","PI365622",420,4,"","","",13,2,"","","","","",""
"CU_2025_Ithaca_WOP_PLOT","Intercropping Cooperative","Ithaca, NY - Snyder","2025","","2025 winter oat pea intercrop trial located in Ithaca","phenotyping_trial","1.26","",0.2772,"2024-10-04","","CU_2025_Ithaca_WOP_PLOT_421","NC21-6492",421,4,"","","",13,3,"","","","","",""
"CU_2025_Ithaca_WOP_PLOT","Intercropping Cooperative","Ithaca, NY - Snyder","2025","","2025 winter oat pea intercrop trial located in Ithaca","phenotyping_trial","1.26","",0.2772,"2024-10-04","","CU_2025_Ithaca_WOP_PLOT_422","NC21-6492",422,4,"","","",13,4,"","","","","",""
"CU_2025_Ithaca_WOP_PLOT","Intercropping Cooperative","Ithaca, NY - Snyder","2025","","2025 winter oat pea intercrop trial located in Ithaca","phenotyping_trial","1.26","",0.2772,"2024-10-04","","CU_2025_Ithaca_WOP_PLOT_423","NC20-4700",423,4,"","","",13,5,"","","","","",""
"CU_2025_Ithaca_WOP_PLOT","Intercropping Cooperative","Ithaca, NY - Snyder","2025","","2025 winter oat pea intercrop trial located in Ithaca","phenotyping_trial","1.26","",0.2772,"2024-10-04","","CU_2025_Ithaca_WOP_PLOT_424","NC20-4700",424,4,"","","",13,6,"","","","","",""
"CU_2025_Ithaca_WOP_PLOT","Intercropping Cooperative","Ithaca, NY - Snyder","2025","","2025 winter oat pea intercrop trial located in Ithaca","phenotyping_trial","1.26","",0.2772,"2024-10-04","","CU_2025_Ithaca_WOP_PLOT_425","HARRISON",425,4,"","","",13,7,"","","","","",""
"CU_2025_Ithaca_WOP_PLOT","Intercropping Cooperative","Ithaca, NY - Snyder","2025","","2025 winter oat pea intercrop trial located in Ithaca","phenotyping_trial","1.26","",0.2772,"2024-10-04","","CU_2025_Ithaca_WOP_PLOT_426","HARRISON",426,4,"","","",13,8,"","","","","",""
"CU_2025_Ithaca_WOP_PLOT","Intercropping Cooperative","Ithaca, NY - Snyder","2025","","2025 winter oat pea intercrop trial located in Ithaca","phenotyping_trial","1.26","",0.2772,"2024-10-04","","CU_2025_Ithaca_WOP_PLOT_427","NF97405B2",427,4,"","","",13,9,"","","","","",""
"CU_2025_Ithaca_WOP_PLOT","Intercropping Cooperative","Ithaca, NY - Snyder","2025","","2025 winter oat pea intercrop trial located in Ithaca","phenotyping_trial","1.26","",0.2772,"2024-10-04","","CU_2025_Ithaca_WOP_PLOT_428","NF97405B2",428,4,"","","",13,10,"","","","","",""
"CU_2025_Ithaca_WOP_PLOT","Intercropping Cooperative","Ithaca, NY - Snyder","2025","","2025 winter oat pea intercrop trial located in Ithaca","phenotyping_trial","1.26","",0.2772,"2024-10-04","","CU_2025_Ithaca_WOP_PLOT_429","TX18OCS9104",429,4,"","","",13,11,"","","","","",""
"CU_2025_Ithaca_WOP_PLOT","Intercropping Cooperative","Ithaca, NY - Snyder","2025","","2025 winter oat pea intercrop trial located in Ithaca","phenotyping_trial","1.26","",0.2772,"2024-10-04","","CU_2025_Ithaca_WOP_PLOT_430","TX18OCS9104",430,4,"","","",13,12,"","","","","",""
"CU_2025_Ithaca_WOP_PLOT","Intercropping Cooperative","Ithaca, NY - Snyder","2025","","2025 winter oat pea intercrop trial located in Ithaca","phenotyping_trial","1.26","",0.2772,"2024-10-04","","CU_2025_Ithaca_WOP_PLOT_431","NF01401B",431,4,"","","",14,12,"","","","","",""
"CU_2025_Ithaca_WOP_PLOT","Intercropping Cooperative","Ithaca, NY - Snyder","2025","","2025 winter oat pea intercrop trial located in Ithaca","phenotyping_trial","1.26","",0.2772,"2024-10-04","","CU_2025_Ithaca_WOP_PLOT_432","NF01401B",432,4,"","","",14,11,"","","","","",""
"CU_2025_Ithaca_WOP_PLOT","Intercropping Cooperative","Ithaca, NY - Snyder","2025","","2025 winter oat pea intercrop trial located in Ithaca","phenotyping_trial","1.26","",0.2772,"2024-10-04","","CU_2025_Ithaca_WOP_PLOT_433","NC19-3542",433,4,"","","",14,10,"","","","","",""
"CU_2025_Ithaca_WOP_PLOT","Intercropping Cooperative","Ithaca, NY - Snyder","2025","","2025 winter oat pea intercrop trial located in Ithaca","phenotyping_trial","1.26","",0.2772,"2024-10-04","","CU_2025_Ithaca_WOP_PLOT_434","NC19-3542",434,4,"","","",14,9,"","","","","",""
"CU_2025_Ithaca_WOP_PLOT","Intercropping Cooperative","Ithaca, NY - Snyder","2025","","2025 winter oat pea intercrop trial located in Ithaca","phenotyping_trial","1.26","",0.2772,"2024-10-04","","CU_2025_Ithaca_WOP_PLOT_435","FLLA17088-61",435,4,"","","",14,8,"","","","","",""
"CU_2025_Ithaca_WOP_PLOT","Intercropping Cooperative","Ithaca, NY - Snyder","2025","","2025 winter oat pea intercrop trial located in Ithaca","phenotyping_trial","1.26","",0.2772,"2024-10-04","","CU_2025_Ithaca_WOP_PLOT_436","FLLA17088-61",436,4,"","","",14,7,"","","","","",""
"CU_2025_Ithaca_WOP_PLOT","Intercropping Cooperative","Ithaca, NY - Snyder","2025","","2025 winter oat pea intercrop trial located in Ithaca","phenotyping_trial","1.26","",0.2772,"2024-10-04","","CU_2025_Ithaca_WOP_PLOT_437","Gerard 227",437,4,"","","",14,6,"","","","","",""
"CU_2025_Ithaca_WOP_PLOT","Intercropping Cooperative","Ithaca, NY - Snyder","2025","","2025 winter oat pea intercrop trial located in Ithaca","phenotyping_trial","1.26","",0.2772,"2024-10-04","","CU_2025_Ithaca_WOP_PLOT_438","Gerard 227",438,4,"","","",14,5,"","","","","",""
"CU_2025_Ithaca_WOP_PLOT","Intercropping Cooperative","Ithaca, NY - Snyder","2025","","2025 winter oat pea intercrop trial located in Ithaca","phenotyping_trial","1.26","",0.2772,"2024-10-04","","CU_2025_Ithaca_WOP_PLOT_439","NF13-4173-4_4",439,4,"","","",14,4,"","","","","",""
"CU_2025_Ithaca_WOP_PLOT","Intercropping Cooperative","Ithaca, NY - Snyder","2025","","2025 winter oat pea intercrop trial located in Ithaca","phenotyping_trial","1.26","",0.2772,"2024-10-04","","CU_2025_Ithaca_WOP_PLOT_440","NF13-4173-4_4",440,4,"","","",14,3,"","","","","",""
"CU_2025_Ithaca_WOP_PLOT","Intercropping Cooperative","Ithaca, NY - Snyder","2025","","2025 winter oat pea intercrop trial located in Ithaca","phenotyping_trial","1.26","",0.2772,"2024-10-04","","CU_2025_Ithaca_WOP_PLOT_441","NC20-4402",441,4,"","","",14,2,"","","","","",""
"CU_2025_Ithaca_WOP_PLOT","Intercropping Cooperative","Ithaca, NY - Snyder","2025","","2025 winter oat pea intercrop trial located in Ithaca","phenotyping_trial","1.26","",0.2772,"2024-10-04","","CU_2025_Ithaca_WOP_PLOT_442","NC20-4402",442,4,"","","",14,1,"","","","","",""
"CU_2025_Ithaca_WOP_PLOT","Intercropping Cooperative","Ithaca, NY - Snyder","2025","","2025 winter oat pea intercrop trial located in Ithaca","phenotyping_trial","1.26","",0.2772,"2024-10-04","","CU_2025_Ithaca_WOP_PLOT_501","NC21-6511",501,5,"","","",1,13,"","","","","",""
"CU_2025_Ithaca_WOP_PLOT","Intercropping Cooperative","Ithaca, NY - Snyder","2025","","2025 winter oat pea intercrop trial located in Ithaca","phenotyping_trial","1.26","",0.2772,"2024-10-04","","CU_2025_Ithaca_WOP_PLOT_502","NC21-6511",502,5,"","","",1,14,"","","","","",""
"CU_2025_Ithaca_WOP_PLOT","Intercropping Cooperative","Ithaca, NY - Snyder","2025","","2025 winter oat pea intercrop trial located in Ithaca","phenotyping_trial","1.26","",0.2772,"2024-10-04","","CU_2025_Ithaca_WOP_PLOT_503","NC17-6440",503,5,"","","",1,15,"","","","","",""
"CU_2025_Ithaca_WOP_PLOT","Intercropping Cooperative","Ithaca, NY - Snyder","2025","","2025 winter oat pea intercrop trial located in Ithaca","phenotyping_trial","1.26","",0.2772,"2024-10-04","","CU_2025_Ithaca_WOP_PLOT_504","NC17-6440",504,5,"","","",1,16,"","","","","",""
"CU_2025_Ithaca_WOP_PLOT","Intercropping Cooperative","Ithaca, NY - Snyder","2025","","2025 winter oat pea intercrop trial located in Ithaca","phenotyping_trial","1.26","",0.2772,"2024-10-04","","CU_2025_Ithaca_WOP_PLOT_505","LA17153SBSS-46-1",505,5,"","","",1,17,"","","","","",""
"CU_2025_Ithaca_WOP_PLOT","Intercropping Cooperative","Ithaca, NY - Snyder","2025","","2025 winter oat pea intercrop trial located in Ithaca","phenotyping_trial","1.26","",0.2772,"2024-10-04","","CU_2025_Ithaca_WOP_PLOT_506","LA17153SBSS-46-1",506,5,"","","",1,18,"","","","","",""
"CU_2025_Ithaca_WOP_PLOT","Intercropping Cooperative","Ithaca, NY - Snyder","2025","","2025 winter oat pea intercrop trial located in Ithaca","phenotyping_trial","1.26","",0.2772,"2024-10-04","","CU_2025_Ithaca_WOP_PLOT_507","NC21-6502",507,5,"","","",1,19,"","","","","",""
"CU_2025_Ithaca_WOP_PLOT","Intercropping Cooperative","Ithaca, NY - Snyder","2025","","2025 winter oat pea intercrop trial located in Ithaca","phenotyping_trial","1.26","",0.2772,"2024-10-04","","CU_2025_Ithaca_WOP_PLOT_508","NC21-6502",508,5,"","","",1,20,"","","","","",""
"CU_2025_Ithaca_WOP_PLOT","Intercropping Cooperative","Ithaca, NY - Snyder","2025","","2025 winter oat pea intercrop trial located in Ithaca","phenotyping_trial","1.26","",0.2772,"2024-10-04","","CU_2025_Ithaca_WOP_PLOT_509","NF12AS-108-4_1",509,5,"","","",1,21,"","","","","",""
"CU_2025_Ithaca_WOP_PLOT","Intercropping Cooperative","Ithaca, NY - Snyder","2025","","2025 winter oat pea intercrop trial located in Ithaca","phenotyping_trial","1.26","",0.2772,"2024-10-04","","CU_2025_Ithaca_WOP_PLOT_510","NF12AS-108-4_1",510,5,"","","",1,22,"","","","","",""
"CU_2025_Ithaca_WOP_PLOT","Intercropping Cooperative","Ithaca, NY - Snyder","2025","","2025 winter oat pea intercrop trial located in Ithaca","phenotyping_trial","1.26","",0.2772,"2024-10-04","","CU_2025_Ithaca_WOP_PLOT_511","CAV3088",511,5,"","","",1,23,"","","","","",""
"CU_2025_Ithaca_WOP_PLOT","Intercropping Cooperative","Ithaca, NY - Snyder","2025","","2025 winter oat pea intercrop trial located in Ithaca","phenotyping_trial","1.26","",0.2772,"2024-10-04","","CU_2025_Ithaca_WOP_PLOT_512","NF97405-1",512,5,"","","",1,24,"","","","","",""
"CU_2025_Ithaca_WOP_PLOT","Intercropping Cooperative","Ithaca, NY - Snyder","2025","","2025 winter oat pea intercrop trial located in Ithaca","phenotyping_trial","1.26","",0.2772,"2024-10-04","","CU_2025_Ithaca_WOP_PLOT_513","NF97405-1",513,5,"","","",2,24,"","","","","",""
"CU_2025_Ithaca_WOP_PLOT","Intercropping Cooperative","Ithaca, NY - Snyder","2025","","2025 winter oat pea intercrop trial located in Ithaca","phenotyping_trial","1.26","",0.2772,"2024-10-04","","CU_2025_Ithaca_WOP_PLOT_514","RADNORSHIRE_SPRIG|CIAV3219",514,5,"","","",2,23,"","","","","",""
"CU_2025_Ithaca_WOP_PLOT","Intercropping Cooperative","Ithaca, NY - Snyder","2025","","2025 winter oat pea intercrop trial located in Ithaca","phenotyping_trial","1.26","",0.2772,"2024-10-04","","CU_2025_Ithaca_WOP_PLOT_515","NF12AS-73-4_3",515,5,"","","",2,22,"","","","","",""
"CU_2025_Ithaca_WOP_PLOT","Intercropping Cooperative","Ithaca, NY - Snyder","2025","","2025 winter oat pea intercrop trial located in Ithaca","phenotyping_trial","1.26","",0.2772,"2024-10-04","","CU_2025_Ithaca_WOP_PLOT_516","NF12AS-73-4_3",516,5,"","","",2,21,"","","","","",""
"CU_2025_Ithaca_WOP_PLOT","Intercropping Cooperative","Ithaca, NY - Snyder","2025","","2025 winter oat pea intercrop trial located in Ithaca","phenotyping_trial","1.26","",0.2772,"2024-10-04","","CU_2025_Ithaca_WOP_PLOT_517","NO_OATS_PLANTED",517,5,"","","",2,20,"","","","","","1"
"CU_2025_Ithaca_WOP_PLOT","Intercropping Cooperative","Ithaca, NY - Snyder","2025","","2025 winter oat pea intercrop trial located in Ithaca","phenotyping_trial","1.26","",0.2772,"2024-10-04","","CU_2025_Ithaca_WOP_PLOT_518","NO_OATS_PLANTED",518,5,"","","",2,19,"","","","","","1"
"CU_2025_Ithaca_WOP_PLOT","Intercropping Cooperative","Ithaca, NY - Snyder","2025","","2025 winter oat pea intercrop trial located in Ithaca","phenotyping_trial","1.26","",0.2772,"2024-10-04","","CU_2025_Ithaca_WOP_PLOT_519","NC20-4700",519,5,"","","",2,18,"","","","","",""
"CU_2025_Ithaca_WOP_PLOT","Intercropping Cooperative","Ithaca, NY - Snyder","2025","","2025 winter oat pea intercrop trial located in Ithaca","phenotyping_trial","1.26","",0.2772,"2024-10-04","","CU_2025_Ithaca_WOP_PLOT_520","NC20-4700",520,5,"","","",2,17,"","","","","",""
"CU_2025_Ithaca_WOP_PLOT","Intercropping Cooperative","Ithaca, NY - Snyder","2025","","2025 winter oat pea intercrop trial located in Ithaca","phenotyping_trial","1.26","",0.2772,"2024-10-04","","CU_2025_Ithaca_WOP_PLOT_521","NF12AS-107-4_4",521,5,"","","",2,16,"","","","","",""
"CU_2025_Ithaca_WOP_PLOT","Intercropping Cooperative","Ithaca, NY - Snyder","2025","","2025 winter oat pea intercrop trial located in Ithaca","phenotyping_trial","1.26","",0.2772,"2024-10-04","","CU_2025_Ithaca_WOP_PLOT_522","NF12AS-107-4_4",522,5,"","","",2,15,"","","","","",""
"CU_2025_Ithaca_WOP_PLOT","Intercropping Cooperative","Ithaca, NY - Snyder","2025","","2025 winter oat pea intercrop trial located in Ithaca","phenotyping_trial","1.26","",0.2772,"2024-10-04","","CU_2025_Ithaca_WOP_PLOT_523","NC20-4452",523,5,"","","",2,14,"","","","","",""
"CU_2025_Ithaca_WOP_PLOT","Intercropping Cooperative","Ithaca, NY - Snyder","2025","","2025 winter oat pea intercrop trial located in Ithaca","phenotyping_trial","1.26","",0.2772,"2024-10-04","","CU_2025_Ithaca_WOP_PLOT_524","NC20-4452",524,5,"","","",2,13,"","","","","",""
"CU_2025_Ithaca_WOP_PLOT","Intercropping Cooperative","Ithaca, NY - Snyder","2025","","2025 winter oat pea intercrop trial located in Ithaca","phenotyping_trial","1.26","",0.2772,"2024-10-04","","CU_2025_Ithaca_WOP_PLOT_525","NF18",525,5,"","","",3,13,"","","","","",""
"CU_2025_Ithaca_WOP_PLOT","Intercropping Cooperative","Ithaca, NY - Snyder","2025","","2025 winter oat pea intercrop trial located in Ithaca","phenotyping_trial","1.26","",0.2772,"2024-10-04","","CU_2025_Ithaca_WOP_PLOT_526","NF18",526,5,"","","",3,14,"","","","","",""
"CU_2025_Ithaca_WOP_PLOT","Intercropping Cooperative","Ithaca, NY - Snyder","2025","","2025 winter oat pea intercrop trial located in Ithaca","phenotyping_trial","1.26","",0.2772,"2024-10-04","","CU_2025_Ithaca_WOP_PLOT_527","PI365622",527,5,"","","",3,15,"","","","","",""
"CU_2025_Ithaca_WOP_PLOT","Intercropping Cooperative","Ithaca, NY - Snyder","2025","","2025 winter oat pea intercrop trial located in Ithaca","phenotyping_trial","1.26","",0.2772,"2024-10-04","","CU_2025_Ithaca_WOP_PLOT_528","NC21-6610",528,5,"","","",3,16,"","","","","",""
"CU_2025_Ithaca_WOP_PLOT","Intercropping Cooperative","Ithaca, NY - Snyder","2025","","2025 winter oat pea intercrop trial located in Ithaca","phenotyping_trial","1.26","",0.2772,"2024-10-04","","CU_2025_Ithaca_WOP_PLOT_529","NC21-6610",529,5,"","","",3,17,"","","","","",""
"CU_2025_Ithaca_WOP_PLOT","Intercropping Cooperative","Ithaca, NY - Snyder","2025","","2025 winter oat pea intercrop trial located in Ithaca","phenotyping_trial","1.26","",0.2772,"2024-10-04","","CU_2025_Ithaca_WOP_PLOT_530","CAV2980",530,5,"","","",3,18,"","","","","",""
"CU_2025_Ithaca_WOP_PLOT","Intercropping Cooperative","Ithaca, NY - Snyder","2025","","2025 winter oat pea intercrop trial located in Ithaca","phenotyping_trial","1.26","",0.2772,"2024-10-04","","CU_2025_Ithaca_WOP_PLOT_531","Horizon 578",531,5,"","","",3,19,"","","","","",""
"CU_2025_Ithaca_WOP_PLOT","Intercropping Cooperative","Ithaca, NY - Snyder","2025","","2025 winter oat pea intercrop trial located in Ithaca","phenotyping_trial","1.26","",0.2772,"2024-10-04","","CU_2025_Ithaca_WOP_PLOT_532","Horizon 578",532,5,"","","",3,20,"","","","","",""
"CU_2025_Ithaca_WOP_PLOT","Intercropping Cooperative","Ithaca, NY - Snyder","2025","","2025 winter oat pea intercrop trial located in Ithaca","phenotyping_trial","1.26","",0.2772,"2024-10-04","","CU_2025_Ithaca_WOP_PLOT_533","NF13-4214-4_5",533,5,"","","",3,21,"","","","","",""
"CU_2025_Ithaca_WOP_PLOT","Intercropping Cooperative","Ithaca, NY - Snyder","2025","","2025 winter oat pea intercrop trial located in Ithaca","phenotyping_trial","1.26","",0.2772,"2024-10-04","","CU_2025_Ithaca_WOP_PLOT_534","NF13-4214-4_5",534,5,"","","",3,22,"","","","","",""
"CU_2025_Ithaca_WOP_PLOT","Intercropping Cooperative","Ithaca, NY - Snyder","2025","","2025 winter oat pea intercrop trial located in Ithaca","phenotyping_trial","1.26","",0.2772,"2024-10-04","","CU_2025_Ithaca_WOP_PLOT_535","NF13-4214-4_1",535,5,"","","",3,23,"","","","","",""
"CU_2025_Ithaca_WOP_PLOT","Intercropping Cooperative","Ithaca, NY - Snyder","2025","","2025 winter oat pea intercrop trial located in Ithaca","phenotyping_trial","1.26","",0.2772,"2024-10-04","","CU_2025_Ithaca_WOP_PLOT_536","NF13-4214-4_1",536,5,"","","",3,24,"","","","","",""
"CU_2025_Ithaca_WOP_PLOT","Intercropping Cooperative","Ithaca, NY - Snyder","2025","","2025 winter oat pea intercrop trial located in Ithaca","phenotyping_trial","1.26","",0.2772,"2024-10-04","","CU_2025_Ithaca_WOP_PLOT_537","NC21-6429",537,5,"","","",4,24,"","","","","",""
"CU_2025_Ithaca_WOP_PLOT","Intercropping Cooperative","Ithaca, NY - Snyder","2025","","2025 winter oat pea intercrop trial located in Ithaca","phenotyping_trial","1.26","",0.2772,"2024-10-04","","CU_2025_Ithaca_WOP_PLOT_538","NC21-6429",538,5,"","","",4,23,"","","","","",""
"CU_2025_Ithaca_WOP_PLOT","Intercropping Cooperative","Ithaca, NY - Snyder","2025","","2025 winter oat pea intercrop trial located in Ithaca","phenotyping_trial","1.26","",0.2772,"2024-10-04","","CU_2025_Ithaca_WOP_PLOT_539","FLLA11019-8",539,5,"","","",4,22,"","","","","",""
"CU_2025_Ithaca_WOP_PLOT","Intercropping Cooperative","Ithaca, NY - Snyder","2025","","2025 winter oat pea intercrop trial located in Ithaca","phenotyping_trial","1.26","",0.2772,"2024-10-04","","CU_2025_Ithaca_WOP_PLOT_540","FLLA11019-8",540,5,"","","",4,21,"","","","","",""
"CU_2025_Ithaca_WOP_PLOT","Intercropping Cooperative","Ithaca, NY - Snyder","2025","","2025 winter oat pea intercrop trial located in Ithaca","phenotyping_trial","1.26","",0.2772,"2024-10-04","","CU_2025_Ithaca_WOP_PLOT_541","NF99414",541,5,"","","",4,20,"","","","","",""
"CU_2025_Ithaca_WOP_PLOT","Intercropping Cooperative","Ithaca, NY - Snyder","2025","","2025 winter oat pea intercrop trial located in Ithaca","phenotyping_trial","1.26","",0.2772,"2024-10-04","","CU_2025_Ithaca_WOP_PLOT_542","NF99414",542,5,"","","",4,19,"","","","","",""
"CU_2025_Ithaca_WOP_PLOT","Intercropping Cooperative","Ithaca, NY - Snyder","2025","","2025 winter oat pea intercrop trial located in Ithaca","phenotyping_trial","1.26","",0.2772,"2024-10-04","","CU_2025_Ithaca_WOP_PLOT_601","HORIZON201",601,6,"","","",4,18,"","","","","",""
"CU_2025_Ithaca_WOP_PLOT","Intercropping Cooperative","Ithaca, NY - Snyder","2025","","2025 winter oat pea intercrop trial located in Ithaca","phenotyping_trial","1.26","",0.2772,"2024-10-04","","CU_2025_Ithaca_WOP_PLOT_602","HORIZON201",602,6,"","","",4,17,"","","","","",""
"CU_2025_Ithaca_WOP_PLOT","Intercropping Cooperative","Ithaca, NY - Snyder","2025","","2025 winter oat pea intercrop trial located in Ithaca","phenotyping_trial","1.26","",0.2772,"2024-10-04","","CU_2025_Ithaca_WOP_PLOT_603","FLLA11019-8",603,6,"","","",4,16,"","","","","",""
"CU_2025_Ithaca_WOP_PLOT","Intercropping Cooperative","Ithaca, NY - Snyder","2025","","2025 winter oat pea intercrop trial located in Ithaca","phenotyping_trial","1.26","",0.2772,"2024-10-04","","CU_2025_Ithaca_WOP_PLOT_604","FLLA11019-8",604,6,"","","",4,15,"","","","","",""
"CU_2025_Ithaca_WOP_PLOT","Intercropping Cooperative","Ithaca, NY - Snyder","2025","","2025 winter oat pea intercrop trial located in Ithaca","phenotyping_trial","1.26","",0.2772,"2024-10-04","","CU_2025_Ithaca_WOP_PLOT_605","NORA",605,6,"","","",4,14,"","","","","",""
"CU_2025_Ithaca_WOP_PLOT","Intercropping Cooperative","Ithaca, NY - Snyder","2025","","2025 winter oat pea intercrop trial located in Ithaca","phenotyping_trial","1.26","",0.2772,"2024-10-04","","CU_2025_Ithaca_WOP_PLOT_606","NORA",606,6,"","","",4,13,"","","","","",""
"CU_2025_Ithaca_WOP_PLOT","Intercropping Cooperative","Ithaca, NY - Snyder","2025","","2025 winter oat pea intercrop trial located in Ithaca","phenotyping_trial","1.26","",0.2772,"2024-10-04","","CU_2025_Ithaca_WOP_PLOT_607","PA7617-3658",607,6,"","","",5,13,"","","","","",""
"CU_2025_Ithaca_WOP_PLOT","Intercropping Cooperative","Ithaca, NY - Snyder","2025","","2025 winter oat pea intercrop trial located in Ithaca","phenotyping_trial","1.26","",0.2772,"2024-10-04","","CU_2025_Ithaca_WOP_PLOT_608","PA7617-3658",608,6,"","","",5,14,"","","","","",""
"CU_2025_Ithaca_WOP_PLOT","Intercropping Cooperative","Ithaca, NY - Snyder","2025","","2025 winter oat pea intercrop trial located in Ithaca","phenotyping_trial","1.26","",0.2772,"2024-10-04","","CU_2025_Ithaca_WOP_PLOT_609","TX18OCS9125",609,6,"","","",5,15,"","","","","",""
"CU_2025_Ithaca_WOP_PLOT","Intercropping Cooperative","Ithaca, NY - Snyder","2025","","2025 winter oat pea intercrop trial located in Ithaca","phenotyping_trial","1.26","",0.2772,"2024-10-04","","CU_2025_Ithaca_WOP_PLOT_610","TX18OCS9125",610,6,"","","",5,16,"","","","","",""
"CU_2025_Ithaca_WOP_PLOT","Intercropping Cooperative","Ithaca, NY - Snyder","2025","","2025 winter oat pea intercrop trial located in Ithaca","phenotyping_trial","1.26","",0.2772,"2024-10-04","","CU_2025_Ithaca_WOP_PLOT_611","NF00407",611,6,"","","",5,17,"","","","","",""
"CU_2025_Ithaca_WOP_PLOT","Intercropping Cooperative","Ithaca, NY - Snyder","2025","","2025 winter oat pea intercrop trial located in Ithaca","phenotyping_trial","1.26","",0.2772,"2024-10-04","","CU_2025_Ithaca_WOP_PLOT_612","NF00407",612,6,"","","",5,18,"","","","","",""
"CU_2025_Ithaca_WOP_PLOT","Intercropping Cooperative","Ithaca, NY - Snyder","2025","","2025 winter oat pea intercrop trial located in Ithaca","phenotyping_trial","1.26","",0.2772,"2024-10-04","","CU_2025_Ithaca_WOP_PLOT_613","LA17069SBSS-2-1",613,6,"","","",5,19,"","","","","",""
"CU_2025_Ithaca_WOP_PLOT","Intercropping Cooperative","Ithaca, NY - Snyder","2025","","2025 winter oat pea intercrop trial located in Ithaca","phenotyping_trial","1.26","",0.2772,"2024-10-04","","CU_2025_Ithaca_WOP_PLOT_614","LA17069SBSS-2-1",614,6,"","","",5,20,"","","","","",""
"CU_2025_Ithaca_WOP_PLOT","Intercropping Cooperative","Ithaca, NY - Snyder","2025","","2025 winter oat pea intercrop trial located in Ithaca","phenotyping_trial","1.26","",0.2772,"2024-10-04","","CU_2025_Ithaca_WOP_PLOT_615","LA17153SBSS-46-1",615,6,"","","",5,21,"","","","","",""
"CU_2025_Ithaca_WOP_PLOT","Intercropping Cooperative","Ithaca, NY - Snyder","2025","","2025 winter oat pea intercrop trial located in Ithaca","phenotyping_trial","1.26","",0.2772,"2024-10-04","","CU_2025_Ithaca_WOP_PLOT_616","LA17153SBSS-46-1",616,6,"","","",5,22,"","","","","",""
"CU_2025_Ithaca_WOP_PLOT","Intercropping Cooperative","Ithaca, NY - Snyder","2025","","2025 winter oat pea intercrop trial located in Ithaca","phenotyping_trial","1.26","",0.2772,"2024-10-04","","CU_2025_Ithaca_WOP_PLOT_617","LA17129SBSS-8-1",617,6,"","","",5,23,"","","","","",""
"CU_2025_Ithaca_WOP_PLOT","Intercropping Cooperative","Ithaca, NY - Snyder","2025","","2025 winter oat pea intercrop trial located in Ithaca","phenotyping_trial","1.26","",0.2772,"2024-10-04","","CU_2025_Ithaca_WOP_PLOT_618","LA17129SBSS-8-1",618,6,"","","",5,24,"","","","","",""
"CU_2025_Ithaca_WOP_PLOT","Intercropping Cooperative","Ithaca, NY - Snyder","2025","","2025 winter oat pea intercrop trial located in Ithaca","phenotyping_trial","1.26","",0.2772,"2024-10-04","","CU_2025_Ithaca_WOP_PLOT_619","NF12AS-100-4_2",619,6,"","","",6,24,"","","","","",""
"CU_2025_Ithaca_WOP_PLOT","Intercropping Cooperative","Ithaca, NY - Snyder","2025","","2025 winter oat pea intercrop trial located in Ithaca","phenotyping_trial","1.26","",0.2772,"2024-10-04","","CU_2025_Ithaca_WOP_PLOT_620","NF12AS-100-4_2",620,6,"","","",6,23,"","","","","",""
"CU_2025_Ithaca_WOP_PLOT","Intercropping Cooperative","Ithaca, NY - Snyder","2025","","2025 winter oat pea intercrop trial located in Ithaca","phenotyping_trial","1.26","",0.2772,"2024-10-04","","CU_2025_Ithaca_WOP_PLOT_621","DOMACA_ZOB",621,6,"","","",6,22,"","","","","",""
"CU_2025_Ithaca_WOP_PLOT","Intercropping Cooperative","Ithaca, NY - Snyder","2025","","2025 winter oat pea intercrop trial located in Ithaca","phenotyping_trial","1.26","",0.2772,"2024-10-04","","CU_2025_Ithaca_WOP_PLOT_622","PI365615",622,6,"","","",6,21,"","","","","",""
"CU_2025_Ithaca_WOP_PLOT","Intercropping Cooperative","Ithaca, NY - Snyder","2025","","2025 winter oat pea intercrop trial located in Ithaca","phenotyping_trial","1.26","",0.2772,"2024-10-04","","CU_2025_Ithaca_WOP_PLOT_623","FLLA17088-61",623,6,"","","",6,20,"","","","","",""
"CU_2025_Ithaca_WOP_PLOT","Intercropping Cooperative","Ithaca, NY - Snyder","2025","","2025 winter oat pea intercrop trial located in Ithaca","phenotyping_trial","1.26","",0.2772,"2024-10-04","","CU_2025_Ithaca_WOP_PLOT_624","FLLA17088-61",624,6,"","","",6,19,"","","","","",""
"CU_2025_Ithaca_WOP_PLOT","Intercropping Cooperative","Ithaca, NY - Snyder","2025","","2025 winter oat pea intercrop trial located in Ithaca","phenotyping_trial","1.26","",0.2772,"2024-10-04","","CU_2025_Ithaca_WOP_PLOT_625","PI365619",625,6,"","","",6,18,"","","","","",""
"CU_2025_Ithaca_WOP_PLOT","Intercropping Cooperative","Ithaca, NY - Snyder","2025","","2025 winter oat pea intercrop trial located in Ithaca","phenotyping_trial","1.26","",0.2772,"2024-10-04","","CU_2025_Ithaca_WOP_PLOT_626","NO_OATS_PLANTED",626,6,"","","",6,17,"","","","","","1"
"CU_2025_Ithaca_WOP_PLOT","Intercropping Cooperative","Ithaca, NY - Snyder","2025","","2025 winter oat pea intercrop trial located in Ithaca","phenotyping_trial","1.26","",0.2772,"2024-10-04","","CU_2025_Ithaca_WOP_PLOT_627","NO_OATS_PLANTED",627,6,"","","",6,16,"","","","","","1"
"CU_2025_Ithaca_WOP_PLOT","Intercropping Cooperative","Ithaca, NY - Snyder","2025","","2025 winter oat pea intercrop trial located in Ithaca","phenotyping_trial","1.26","",0.2772,"2024-10-04","","CU_2025_Ithaca_WOP_PLOT_628","NF01401B",628,6,"","","",6,15,"","","","","",""
"CU_2025_Ithaca_WOP_PLOT","Intercropping Cooperative","Ithaca, NY - Snyder","2025","","2025 winter oat pea intercrop trial located in Ithaca","phenotyping_trial","1.26","",0.2772,"2024-10-04","","CU_2025_Ithaca_WOP_PLOT_629","NF01401B",629,6,"","","",6,14,"","","","","",""
"CU_2025_Ithaca_WOP_PLOT","Intercropping Cooperative","Ithaca, NY - Snyder","2025","","2025 winter oat pea intercrop trial located in Ithaca","phenotyping_trial","1.26","",0.2772,"2024-10-04","","CU_2025_Ithaca_WOP_PLOT_630","NF13-4173-4_5",630,6,"","","",6,13,"","","","","",""
"CU_2025_Ithaca_WOP_PLOT","Intercropping Cooperative","Ithaca, NY - Snyder","2025","","2025 winter oat pea intercrop trial located in Ithaca","phenotyping_trial","1.26","",0.2772,"2024-10-04","","CU_2025_Ithaca_WOP_PLOT_631","NF13-4173-4_5",631,6,"","","",7,13,"","","","","",""
"CU_2025_Ithaca_WOP_PLOT","Intercropping Cooperative","Ithaca, NY - Snyder","2025","","2025 winter oat pea intercrop trial located in Ithaca","phenotyping_trial","1.26","",0.2772,"2024-10-04","","CU_2025_Ithaca_WOP_PLOT_632","PI365621",632,6,"","","",7,14,"","","","","",""
"CU_2025_Ithaca_WOP_PLOT","Intercropping Cooperative","Ithaca, NY - Snyder","2025","","2025 winter oat pea intercrop trial located in Ithaca","phenotyping_trial","1.26","",0.2772,"2024-10-04","","CU_2025_Ithaca_WOP_PLOT_633","NF05424_2",633,6,"","","",7,15,"","","","","",""
"CU_2025_Ithaca_WOP_PLOT","Intercropping Cooperative","Ithaca, NY - Snyder","2025","","2025 winter oat pea intercrop trial located in Ithaca","phenotyping_trial","1.26","",0.2772,"2024-10-04","","CU_2025_Ithaca_WOP_PLOT_634","NF05424_2",634,6,"","","",7,16,"","","","","",""
"CU_2025_Ithaca_WOP_PLOT","Intercropping Cooperative","Ithaca, NY - Snyder","2025","","2025 winter oat pea intercrop trial located in Ithaca","phenotyping_trial","1.26","",0.2772,"2024-10-04","","CU_2025_Ithaca_WOP_PLOT_635","NF13-4083-4_6",635,6,"","","",7,17,"","","","","",""
"CU_2025_Ithaca_WOP_PLOT","Intercropping Cooperative","Ithaca, NY - Snyder","2025","","2025 winter oat pea intercrop trial located in Ithaca","phenotyping_trial","1.26","",0.2772,"2024-10-04","","CU_2025_Ithaca_WOP_PLOT_636","NF13-4083-4_6",636,6,"","","",7,18,"","","","","",""
"CU_2025_Ithaca_WOP_PLOT","Intercropping Cooperative","Ithaca, NY - Snyder","2025","","2025 winter oat pea intercrop trial located in Ithaca","phenotyping_trial","1.26","",0.2772,"2024-10-04","","CU_2025_Ithaca_WOP_PLOT_637","NF12AS-91-4_1",637,6,"","","",7,19,"","","","","",""
"CU_2025_Ithaca_WOP_PLOT","Intercropping Cooperative","Ithaca, NY - Snyder","2025","","2025 winter oat pea intercrop trial located in Ithaca","phenotyping_trial","1.26","",0.2772,"2024-10-04","","CU_2025_Ithaca_WOP_PLOT_638","NF12AS-91-4_1",638,6,"","","",7,20,"","","","","",""
"CU_2025_Ithaca_WOP_PLOT","Intercropping Cooperative","Ithaca, NY - Snyder","2025","","2025 winter oat pea intercrop trial located in Ithaca","phenotyping_trial","1.26","",0.2772,"2024-10-04","","CU_2025_Ithaca_WOP_PLOT_639","FLLA17088-77",639,6,"","","",7,21,"","","","","",""
"CU_2025_Ithaca_WOP_PLOT","Intercropping Cooperative","Ithaca, NY - Snyder","2025","","2025 winter oat pea intercrop trial located in Ithaca","phenotyping_trial","1.26","",0.2772,"2024-10-04","","CU_2025_Ithaca_WOP_PLOT_640","FLLA17088-77",640,6,"","","",7,22,"","","","","",""
"CU_2025_Ithaca_WOP_PLOT","Intercropping Cooperative","Ithaca, NY - Snyder","2025","","2025 winter oat pea intercrop trial located in Ithaca","phenotyping_trial","1.26","",0.2772,"2024-10-04","","CU_2025_Ithaca_WOP_PLOT_641","NC21-6502",641,6,"","","",7,23,"","","","","",""
"CU_2025_Ithaca_WOP_PLOT","Intercropping Cooperative","Ithaca, NY - Snyder","2025","","2025 winter oat pea intercrop trial located in Ithaca","phenotyping_trial","1.26","",0.2772,"2024-10-04","","CU_2025_Ithaca_WOP_PLOT_642","NC21-6502",642,6,"","","",7,24,"","","","","",""
"CU_2025_Ithaca_WOP_PLOT","Intercropping Cooperative","Ithaca, NY - Snyder","2025","","2025 winter oat pea intercrop trial located in Ithaca","phenotyping_trial","1.26","",0.2772,"2024-10-04","","CU_2025_Ithaca_WOP_PLOT_701","PA7617-3460",701,7,"","","",8,24,"","","","","",""
"CU_2025_Ithaca_WOP_PLOT","Intercropping Cooperative","Ithaca, NY - Snyder","2025","","2025 winter oat pea intercrop trial located in Ithaca","phenotyping_trial","1.26","",0.2772,"2024-10-04","","CU_2025_Ithaca_WOP_PLOT_702","PA7617-3460",702,7,"","","",8,23,"","","","","",""
"CU_2025_Ithaca_WOP_PLOT","Intercropping Cooperative","Ithaca, NY - Snyder","2025","","2025 winter oat pea intercrop trial located in Ithaca","phenotyping_trial","1.26","",0.2772,"2024-10-04","","CU_2025_Ithaca_WOP_PLOT_703","NF99414-1",703,7,"","","",8,22,"","","","","",""
"CU_2025_Ithaca_WOP_PLOT","Intercropping Cooperative","Ithaca, NY - Snyder","2025","","2025 winter oat pea intercrop trial located in Ithaca","phenotyping_trial","1.26","",0.2772,"2024-10-04","","CU_2025_Ithaca_WOP_PLOT_704","NF99414-1",704,7,"","","",8,21,"","","","","",""
"CU_2025_Ithaca_WOP_PLOT","Intercropping Cooperative","Ithaca, NY - Snyder","2025","","2025 winter oat pea intercrop trial located in Ithaca","phenotyping_trial","1.26","",0.2772,"2024-10-04","","CU_2025_Ithaca_WOP_PLOT_705","NF13-4126-4_3",705,7,"","","",8,20,"","","","","",""
"CU_2025_Ithaca_WOP_PLOT","Intercropping Cooperative","Ithaca, NY - Snyder","2025","","2025 winter oat pea intercrop trial located in Ithaca","phenotyping_trial","1.26","",0.2772,"2024-10-04","","CU_2025_Ithaca_WOP_PLOT_706","NF13-4126-4_3",706,7,"","","",8,19,"","","","","",""
"CU_2025_Ithaca_WOP_PLOT","Intercropping Cooperative","Ithaca, NY - Snyder","2025","","2025 winter oat pea intercrop trial located in Ithaca","phenotyping_trial","1.26","",0.2772,"2024-10-04","","CU_2025_Ithaca_WOP_PLOT_707","Juggernaut",707,7,"","","",8,18,"","","","","",""
"CU_2025_Ithaca_WOP_PLOT","Intercropping Cooperative","Ithaca, NY - Snyder","2025","","2025 winter oat pea intercrop trial located in Ithaca","phenotyping_trial","1.26","",0.2772,"2024-10-04","","CU_2025_Ithaca_WOP_PLOT_708","Juggernaut",708,7,"","","",8,17,"","","","","",""
"CU_2025_Ithaca_WOP_PLOT","Intercropping Cooperative","Ithaca, NY - Snyder","2025","","2025 winter oat pea intercrop trial located in Ithaca","phenotyping_trial","1.26","",0.2772,"2024-10-04","","CU_2025_Ithaca_WOP_PLOT_709","NO_OATS_PLANTED",709,7,"","","",8,16,"","","","","","1"
"CU_2025_Ithaca_WOP_PLOT","Intercropping Cooperative","Ithaca, NY - Snyder","2025","","2025 winter oat pea intercrop trial located in Ithaca","phenotyping_trial","1.26","",0.2772,"2024-10-04","","CU_2025_Ithaca_WOP_PLOT_710","NO_OATS_PLANTED",710,7,"","","",8,15,"","","","","","1"
"CU_2025_Ithaca_WOP_PLOT","Intercropping Cooperative","Ithaca, NY - Snyder","2025","","2025 winter oat pea intercrop trial located in Ithaca","phenotyping_trial","1.26","",0.2772,"2024-10-04","","CU_2025_Ithaca_WOP_PLOT_711","NF12AS-107-4_2-1",711,7,"","","",8,14,"","","","","",""
"CU_2025_Ithaca_WOP_PLOT","Intercropping Cooperative","Ithaca, NY - Snyder","2025","","2025 winter oat pea intercrop trial located in Ithaca","phenotyping_trial","1.26","",0.2772,"2024-10-04","","CU_2025_Ithaca_WOP_PLOT_712","NF12AS-107-4_2-1",712,7,"","","",8,13,"","","","","",""
"CU_2025_Ithaca_WOP_PLOT","Intercropping Cooperative","Ithaca, NY - Snyder","2025","","2025 winter oat pea intercrop trial located in Ithaca","phenotyping_trial","1.26","",0.2772,"2024-10-04","","CU_2025_Ithaca_WOP_PLOT_713","OKAY",713,7,"","","",9,13,"","","","","",""
"CU_2025_Ithaca_WOP_PLOT","Intercropping Cooperative","Ithaca, NY - Snyder","2025","","2025 winter oat pea intercrop trial located in Ithaca","phenotyping_trial","1.26","",0.2772,"2024-10-04","","CU_2025_Ithaca_WOP_PLOT_714","OKAY",714,7,"","","",9,14,"","","","","",""
"CU_2025_Ithaca_WOP_PLOT","Intercropping Cooperative","Ithaca, NY - Snyder","2025","","2025 winter oat pea intercrop trial located in Ithaca","phenotyping_trial","1.26","",0.2772,"2024-10-04","","CU_2025_Ithaca_WOP_PLOT_715","NF13-4083-4_6",715,7,"","","",9,15,"","","","","",""
"CU_2025_Ithaca_WOP_PLOT","Intercropping Cooperative","Ithaca, NY - Snyder","2025","","2025 winter oat pea intercrop trial located in Ithaca","phenotyping_trial","1.26","",0.2772,"2024-10-04","","CU_2025_Ithaca_WOP_PLOT_716","NF13-4083-4_6",716,7,"","","",9,16,"","","","","",""
"CU_2025_Ithaca_WOP_PLOT","Intercropping Cooperative","Ithaca, NY - Snyder","2025","","2025 winter oat pea intercrop trial located in Ithaca","phenotyping_trial","1.26","",0.2772,"2024-10-04","","CU_2025_Ithaca_WOP_PLOT_717","SCLA17080SBS-4-2",717,7,"","","",9,17,"","","","","",""
"CU_2025_Ithaca_WOP_PLOT","Intercropping Cooperative","Ithaca, NY - Snyder","2025","","2025 winter oat pea intercrop trial located in Ithaca","phenotyping_trial","1.26","",0.2772,"2024-10-04","","CU_2025_Ithaca_WOP_PLOT_718","SCLA17080SBS-4-2",718,7,"","","",9,18,"","","","","",""
"CU_2025_Ithaca_WOP_PLOT","Intercropping Cooperative","Ithaca, NY - Snyder","2025","","2025 winter oat pea intercrop trial located in Ithaca","phenotyping_trial","1.26","",0.2772,"2024-10-04","","CU_2025_Ithaca_WOP_PLOT_719","NC21-6497",719,7,"","","",9,19,"","","","","",""
"CU_2025_Ithaca_WOP_PLOT","Intercropping Cooperative","Ithaca, NY - Snyder","2025","","2025 winter oat pea intercrop trial located in Ithaca","phenotyping_trial","1.26","",0.2772,"2024-10-04","","CU_2025_Ithaca_WOP_PLOT_720","NC21-6497",720,7,"","","",9,20,"","","","","",""
"CU_2025_Ithaca_WOP_PLOT","Intercropping Cooperative","Ithaca, NY - Snyder","2025","","2025 winter oat pea intercrop trial located in Ithaca","phenotyping_trial","1.26","",0.2772,"2024-10-04","","CU_2025_Ithaca_WOP_PLOT_721","PI344827",721,7,"","","",9,21,"","","","","",""
"CU_2025_Ithaca_WOP_PLOT","Intercropping Cooperative","Ithaca, NY - Snyder","2025","","2025 winter oat pea intercrop trial located in Ithaca","phenotyping_trial","1.26","",0.2772,"2024-10-04","","CU_2025_Ithaca_WOP_PLOT_722","NF99414",722,7,"","","",9,22,"","","","","",""
"CU_2025_Ithaca_WOP_PLOT","Intercropping Cooperative","Ithaca, NY - Snyder","2025","","2025 winter oat pea intercrop trial located in Ithaca","phenotyping_trial","1.26","",0.2772,"2024-10-04","","CU_2025_Ithaca_WOP_PLOT_723","NF99414",723,7,"","","",9,23,"","","","","",""
"CU_2025_Ithaca_WOP_PLOT","Intercropping Cooperative","Ithaca, NY - Snyder","2025","","2025 winter oat pea intercrop trial located in Ithaca","phenotyping_trial","1.26","",0.2772,"2024-10-04","","CU_2025_Ithaca_WOP_PLOT_724","NF12AS-108-4_1",724,7,"","","",9,24,"","","","","",""
"CU_2025_Ithaca_WOP_PLOT","Intercropping Cooperative","Ithaca, NY - Snyder","2025","","2025 winter oat pea intercrop trial located in Ithaca","phenotyping_trial","1.26","",0.2772,"2024-10-04","","CU_2025_Ithaca_WOP_PLOT_725","NF12AS-108-4_1",725,7,"","","",10,24,"","","","","",""
"CU_2025_Ithaca_WOP_PLOT","Intercropping Cooperative","Ithaca, NY - Snyder","2025","","2025 winter oat pea intercrop trial located in Ithaca","phenotyping_trial","1.26","",0.2772,"2024-10-04","","CU_2025_Ithaca_WOP_PLOT_726","HORIZON201",726,7,"","","",10,23,"","","","","",""
"CU_2025_Ithaca_WOP_PLOT","Intercropping Cooperative","Ithaca, NY - Snyder","2025","","2025 winter oat pea intercrop trial located in Ithaca","phenotyping_trial","1.26","",0.2772,"2024-10-04","","CU_2025_Ithaca_WOP_PLOT_727","HORIZON201",727,7,"","","",10,22,"","","","","",""
"CU_2025_Ithaca_WOP_PLOT","Intercropping Cooperative","Ithaca, NY - Snyder","2025","","2025 winter oat pea intercrop trial located in Ithaca","phenotyping_trial","1.26","",0.2772,"2024-10-04","","CU_2025_Ithaca_WOP_PLOT_728","NF01404A",728,7,"","","",10,21,"","","","","",""
"CU_2025_Ithaca_WOP_PLOT","Intercropping Cooperative","Ithaca, NY - Snyder","2025","","2025 winter oat pea intercrop trial located in Ithaca","phenotyping_trial","1.26","",0.2772,"2024-10-04","","CU_2025_Ithaca_WOP_PLOT_729","NF01404A",729,7,"","","",10,20,"","","","","",""
"CU_2025_Ithaca_WOP_PLOT","Intercropping Cooperative","Ithaca, NY - Snyder","2025","","2025 winter oat pea intercrop trial located in Ithaca","phenotyping_trial","1.26","",0.2772,"2024-10-04","","CU_2025_Ithaca_WOP_PLOT_730","NC21-6576",730,7,"","","",10,19,"","","","","",""
"CU_2025_Ithaca_WOP_PLOT","Intercropping Cooperative","Ithaca, NY - Snyder","2025","","2025 winter oat pea intercrop trial located in Ithaca","phenotyping_trial","1.26","",0.2772,"2024-10-04","","CU_2025_Ithaca_WOP_PLOT_731","NC21-6576",731,7,"","","",10,18,"","","","","",""
"CU_2025_Ithaca_WOP_PLOT","Intercropping Cooperative","Ithaca, NY - Snyder","2025","","2025 winter oat pea intercrop trial located in Ithaca","phenotyping_trial","1.26","",0.2772,"2024-10-04","","CU_2025_Ithaca_WOP_PLOT_732","DOMACA_ZOB",732,7,"","","",10,17,"","","","","",""
"CU_2025_Ithaca_WOP_PLOT","Intercropping Cooperative","Ithaca, NY - Snyder","2025","","2025 winter oat pea intercrop trial located in Ithaca","phenotyping_trial","1.26","",0.2772,"2024-10-04","","CU_2025_Ithaca_WOP_PLOT_733","NF12AS-122-4_4",733,7,"","","",10,16,"","","","","",""
"CU_2025_Ithaca_WOP_PLOT","Intercropping Cooperative","Ithaca, NY - Snyder","2025","","2025 winter oat pea intercrop trial located in Ithaca","phenotyping_trial","1.26","",0.2772,"2024-10-04","","CU_2025_Ithaca_WOP_PLOT_734","NF12AS-122-4_4",734,7,"","","",10,15,"","","","","",""
"CU_2025_Ithaca_WOP_PLOT","Intercropping Cooperative","Ithaca, NY - Snyder","2025","","2025 winter oat pea intercrop trial located in Ithaca","phenotyping_trial","1.26","",0.2772,"2024-10-04","","CU_2025_Ithaca_WOP_PLOT_735","NF97405B2",735,7,"","","",10,14,"","","","","",""
"CU_2025_Ithaca_WOP_PLOT","Intercropping Cooperative","Ithaca, NY - Snyder","2025","","2025 winter oat pea intercrop trial located in Ithaca","phenotyping_trial","1.26","",0.2772,"2024-10-04","","CU_2025_Ithaca_WOP_PLOT_736","NF97405B2",736,7,"","","",10,13,"","","","","",""
"CU_2025_Ithaca_WOP_PLOT","Intercropping Cooperative","Ithaca, NY - Snyder","2025","","2025 winter oat pea intercrop trial located in Ithaca","phenotyping_trial","1.26","",0.2772,"2024-10-04","","CU_2025_Ithaca_WOP_PLOT_737","AURORA",737,7,"","","",11,13,"","","","","",""
"CU_2025_Ithaca_WOP_PLOT","Intercropping Cooperative","Ithaca, NY - Snyder","2025","","2025 winter oat pea intercrop trial located in Ithaca","phenotyping_trial","1.26","",0.2772,"2024-10-04","","CU_2025_Ithaca_WOP_PLOT_738","AURORA",738,7,"","","",11,14,"","","","","",""
"CU_2025_Ithaca_WOP_PLOT","Intercropping Cooperative","Ithaca, NY - Snyder","2025","","2025 winter oat pea intercrop trial located in Ithaca","phenotyping_trial","1.26","",0.2772,"2024-10-04","","CU_2025_Ithaca_WOP_PLOT_739","NC20-4452",739,7,"","","",11,15,"","","","","",""
"CU_2025_Ithaca_WOP_PLOT","Intercropping Cooperative","Ithaca, NY - Snyder","2025","","2025 winter oat pea intercrop trial located in Ithaca","phenotyping_trial","1.26","",0.2772,"2024-10-04","","CU_2025_Ithaca_WOP_PLOT_740","NC20-4452",740,7,"","","",11,16,"","","","","",""
"CU_2025_Ithaca_WOP_PLOT","Intercropping Cooperative","Ithaca, NY - Snyder","2025","","2025 winter oat pea intercrop trial located in Ithaca","phenotyping_trial","1.26","",0.2772,"2024-10-04","","CU_2025_Ithaca_WOP_PLOT_741","PI365616",741,7,"","","",11,17,"","","","","",""
"CU_2025_Ithaca_WOP_PLOT","Intercropping Cooperative","Ithaca, NY - Snyder","2025","","2025 winter oat pea intercrop trial located in Ithaca","phenotyping_trial","1.26","",0.2772,"2024-10-04","","CU_2025_Ithaca_WOP_PLOT_742","CAV3088",742,7,"","","",11,18,"","","","","",""
"CU_2025_Ithaca_WOP_PLOT","Intercropping Cooperative","Ithaca, NY - Snyder","2025","","2025 winter oat pea intercrop trial located in Ithaca","phenotyping_trial","1.26","",0.2772,"2024-10-04","","CU_2025_Ithaca_WOP_PLOT_801","NF13-4157-4_2",801,8,"","","",11,19,"","","","","",""
"CU_2025_Ithaca_WOP_PLOT","Intercropping Cooperative","Ithaca, NY - Snyder","2025","","2025 winter oat pea intercrop trial located in Ithaca","phenotyping_trial","1.26","",0.2772,"2024-10-04","","CU_2025_Ithaca_WOP_PLOT_802","NF13-4157-4_2",802,8,"","","",11,20,"","","","","",""
"CU_2025_Ithaca_WOP_PLOT","Intercropping Cooperative","Ithaca, NY - Snyder","2025","","2025 winter oat pea intercrop trial located in Ithaca","phenotyping_trial","1.26","",0.2772,"2024-10-04","","CU_2025_Ithaca_WOP_PLOT_803","LA99016",803,8,"","","",11,21,"","","","","",""
"CU_2025_Ithaca_WOP_PLOT","Intercropping Cooperative","Ithaca, NY - Snyder","2025","","2025 winter oat pea intercrop trial located in Ithaca","phenotyping_trial","1.26","",0.2772,"2024-10-04","","CU_2025_Ithaca_WOP_PLOT_804","LA99016",804,8,"","","",11,22,"","","","","",""
"CU_2025_Ithaca_WOP_PLOT","Intercropping Cooperative","Ithaca, NY - Snyder","2025","","2025 winter oat pea intercrop trial located in Ithaca","phenotyping_trial","1.26","",0.2772,"2024-10-04","","CU_2025_Ithaca_WOP_PLOT_805","FLLA17088-77",805,8,"","","",11,23,"","","","","",""
"CU_2025_Ithaca_WOP_PLOT","Intercropping Cooperative","Ithaca, NY - Snyder","2025","","2025 winter oat pea intercrop trial located in Ithaca","phenotyping_trial","1.26","",0.2772,"2024-10-04","","CU_2025_Ithaca_WOP_PLOT_806","FLLA17088-77",806,8,"","","",11,24,"","","","","",""
"CU_2025_Ithaca_WOP_PLOT","Intercropping Cooperative","Ithaca, NY - Snyder","2025","","2025 winter oat pea intercrop trial located in Ithaca","phenotyping_trial","1.26","",0.2772,"2024-10-04","","CU_2025_Ithaca_WOP_PLOT_807","LA17153SBSS-55-1",807,8,"","","",12,24,"","","","","",""
"CU_2025_Ithaca_WOP_PLOT","Intercropping Cooperative","Ithaca, NY - Snyder","2025","","2025 winter oat pea intercrop trial located in Ithaca","phenotyping_trial","1.26","",0.2772,"2024-10-04","","CU_2025_Ithaca_WOP_PLOT_808","LA17153SBSS-55-1",808,8,"","","",12,23,"","","","","",""
"CU_2025_Ithaca_WOP_PLOT","Intercropping Cooperative","Ithaca, NY - Snyder","2025","","2025 winter oat pea intercrop trial located in Ithaca","phenotyping_trial","1.26","",0.2772,"2024-10-04","","CU_2025_Ithaca_WOP_PLOT_809","NF12AS-122-4_4",809,8,"","","",12,22,"","","","","",""
"CU_2025_Ithaca_WOP_PLOT","Intercropping Cooperative","Ithaca, NY - Snyder","2025","","2025 winter oat pea intercrop trial located in Ithaca","phenotyping_trial","1.26","",0.2772,"2024-10-04","","CU_2025_Ithaca_WOP_PLOT_810","NF12AS-122-4_4",810,8,"","","",12,21,"","","","","",""
"CU_2025_Ithaca_WOP_PLOT","Intercropping Cooperative","Ithaca, NY - Snyder","2025","","2025 winter oat pea intercrop trial located in Ithaca","phenotyping_trial","1.26","",0.2772,"2024-10-04","","CU_2025_Ithaca_WOP_PLOT_811","RADNORSHIRE_SPRIG|CIAV3219",811,8,"","","",12,20,"","","","","",""
"CU_2025_Ithaca_WOP_PLOT","Intercropping Cooperative","Ithaca, NY - Snyder","2025","","2025 winter oat pea intercrop trial located in Ithaca","phenotyping_trial","1.26","",0.2772,"2024-10-04","","CU_2025_Ithaca_WOP_PLOT_812","NF97405-1",812,8,"","","",12,19,"","","","","",""
"CU_2025_Ithaca_WOP_PLOT","Intercropping Cooperative","Ithaca, NY - Snyder","2025","","2025 winter oat pea intercrop trial located in Ithaca","phenotyping_trial","1.26","",0.2772,"2024-10-04","","CU_2025_Ithaca_WOP_PLOT_813","NF97405-1",813,8,"","","",12,18,"","","","","",""
"CU_2025_Ithaca_WOP_PLOT","Intercropping Cooperative","Ithaca, NY - Snyder","2025","","2025 winter oat pea intercrop trial located in Ithaca","phenotyping_trial","1.26","",0.2772,"2024-10-04","","CU_2025_Ithaca_WOP_PLOT_814","NC17-6440",814,8,"","","",12,17,"","","","","",""
"CU_2025_Ithaca_WOP_PLOT","Intercropping Cooperative","Ithaca, NY - Snyder","2025","","2025 winter oat pea intercrop trial located in Ithaca","phenotyping_trial","1.26","",0.2772,"2024-10-04","","CU_2025_Ithaca_WOP_PLOT_815","NC17-6440",815,8,"","","",12,16,"","","","","",""
"CU_2025_Ithaca_WOP_PLOT","Intercropping Cooperative","Ithaca, NY - Snyder","2025","","2025 winter oat pea intercrop trial located in Ithaca","phenotyping_trial","1.26","",0.2772,"2024-10-04","","CU_2025_Ithaca_WOP_PLOT_816","NC21-6609",816,8,"","","",12,15,"","","","","",""
"CU_2025_Ithaca_WOP_PLOT","Intercropping Cooperative","Ithaca, NY - Snyder","2025","","2025 winter oat pea intercrop trial located in Ithaca","phenotyping_trial","1.26","",0.2772,"2024-10-04","","CU_2025_Ithaca_WOP_PLOT_817","NC21-6609",817,8,"","","",12,14,"","","","","",""
"CU_2025_Ithaca_WOP_PLOT","Intercropping Cooperative","Ithaca, NY - Snyder","2025","","2025 winter oat pea intercrop trial located in Ithaca","phenotyping_trial","1.26","",0.2772,"2024-10-04","","CU_2025_Ithaca_WOP_PLOT_818","SA21",818,8,"","","",12,13,"","","","","",""
"CU_2025_Ithaca_WOP_PLOT","Intercropping Cooperative","Ithaca, NY - Snyder","2025","","2025 winter oat pea intercrop trial located in Ithaca","phenotyping_trial","1.26","",0.2772,"2024-10-04","","CU_2025_Ithaca_WOP_PLOT_819","GERARD224",819,8,"","","",13,13,"","","","","",""
"CU_2025_Ithaca_WOP_PLOT","Intercropping Cooperative","Ithaca, NY - Snyder","2025","","2025 winter oat pea intercrop trial located in Ithaca","phenotyping_trial","1.26","",0.2772,"2024-10-04","","CU_2025_Ithaca_WOP_PLOT_820","GERARD224",820,8,"","","",13,14,"","","","","",""
"CU_2025_Ithaca_WOP_PLOT","Intercropping Cooperative","Ithaca, NY - Snyder","2025","","2025 winter oat pea intercrop trial located in Ithaca","phenotyping_trial","1.26","",0.2772,"2024-10-04","","CU_2025_Ithaca_WOP_PLOT_821","NF12AS-91-4_1",821,8,"","","",13,15,"","","","","",""
"CU_2025_Ithaca_WOP_PLOT","Intercropping Cooperative","Ithaca, NY - Snyder","2025","","2025 winter oat pea intercrop trial located in Ithaca","phenotyping_trial","1.26","",0.2772,"2024-10-04","","CU_2025_Ithaca_WOP_PLOT_822","NF12AS-91-4_1",822,8,"","","",13,16,"","","","","",""
"CU_2025_Ithaca_WOP_PLOT","Intercropping Cooperative","Ithaca, NY - Snyder","2025","","2025 winter oat pea intercrop trial located in Ithaca","phenotyping_trial","1.26","",0.2772,"2024-10-04","","CU_2025_Ithaca_WOP_PLOT_823","NO_OATS_PLANTED",823,8,"","","",13,17,"","","","","","1"
"CU_2025_Ithaca_WOP_PLOT","Intercropping Cooperative","Ithaca, NY - Snyder","2025","","2025 winter oat pea intercrop trial located in Ithaca","phenotyping_trial","1.26","",0.2772,"2024-10-04","","CU_2025_Ithaca_WOP_PLOT_824","NO_OATS_PLANTED",824,8,"","","",13,18,"","","","","","1"
"CU_2025_Ithaca_WOP_PLOT","Intercropping Cooperative","Ithaca, NY - Snyder","2025","","2025 winter oat pea intercrop trial located in Ithaca","phenotyping_trial","1.26","",0.2772,"2024-10-04","","CU_2025_Ithaca_WOP_PLOT_825","NC21-6497",825,8,"","","",13,19,"","","","","",""
"CU_2025_Ithaca_WOP_PLOT","Intercropping Cooperative","Ithaca, NY - Snyder","2025","","2025 winter oat pea intercrop trial located in Ithaca","phenotyping_trial","1.26","",0.2772,"2024-10-04","","CU_2025_Ithaca_WOP_PLOT_826","NC21-6497",826,8,"","","",13,20,"","","","","",""
"CU_2025_Ithaca_WOP_PLOT","Intercropping Cooperative","Ithaca, NY - Snyder","2025","","2025 winter oat pea intercrop trial located in Ithaca","phenotyping_trial","1.26","",0.2772,"2024-10-04","","CU_2025_Ithaca_WOP_PLOT_827","NF99401_1-1",827,8,"","","",13,21,"","","","","",""
"CU_2025_Ithaca_WOP_PLOT","Intercropping Cooperative","Ithaca, NY - Snyder","2025","","2025 winter oat pea intercrop trial located in Ithaca","phenotyping_trial","1.26","",0.2772,"2024-10-04","","CU_2025_Ithaca_WOP_PLOT_828","NF99401_1-1",828,8,"","","",13,22,"","","","","",""
"CU_2025_Ithaca_WOP_PLOT","Intercropping Cooperative","Ithaca, NY - Snyder","2025","","2025 winter oat pea intercrop trial located in Ithaca","phenotyping_trial","1.26","",0.2772,"2024-10-04","","CU_2025_Ithaca_WOP_PLOT_829","LA17129SBSS-8-1",829,8,"","","",13,23,"","","","","",""
"CU_2025_Ithaca_WOP_PLOT","Intercropping Cooperative","Ithaca, NY - Snyder","2025","","2025 winter oat pea intercrop trial located in Ithaca","phenotyping_trial","1.26","",0.2772,"2024-10-04","","CU_2025_Ithaca_WOP_PLOT_830","LA17129SBSS-8-1",830,8,"","","",13,24,"","","","","",""
"CU_2025_Ithaca_WOP_PLOT","Intercropping Cooperative","Ithaca, NY - Snyder","2025","","2025 winter oat pea intercrop trial located in Ithaca","phenotyping_trial","1.26","",0.2772,"2024-10-04","","CU_2025_Ithaca_WOP_PLOT_831","PI365615",831,8,"","","",14,24,"","","","","",""
"CU_2025_Ithaca_WOP_PLOT","Intercropping Cooperative","Ithaca, NY - Snyder","2025","","2025 winter oat pea intercrop trial located in Ithaca","phenotyping_trial","1.26","",0.2772,"2024-10-04","","CU_2025_Ithaca_WOP_PLOT_832","CAV3163",832,8,"","","",14,23,"","","","","",""
"CU_2025_Ithaca_WOP_PLOT","Intercropping Cooperative","Ithaca, NY - Snyder","2025","","2025 winter oat pea intercrop trial located in Ithaca","phenotyping_trial","1.26","",0.2772,"2024-10-04","","CU_2025_Ithaca_WOP_PLOT_833","NC20-4402",833,8,"","","",14,22,"","","","","",""
"CU_2025_Ithaca_WOP_PLOT","Intercropping Cooperative","Ithaca, NY - Snyder","2025","","2025 winter oat pea intercrop trial located in Ithaca","phenotyping_trial","1.26","",0.2772,"2024-10-04","","CU_2025_Ithaca_WOP_PLOT_834","NC20-4402",834,8,"","","",14,21,"","","","","",""
"CU_2025_Ithaca_WOP_PLOT","Intercropping Cooperative","Ithaca, NY - Snyder","2025","","2025 winter oat pea intercrop trial located in Ithaca","phenotyping_trial","1.26","",0.2772,"2024-10-04","","CU_2025_Ithaca_WOP_PLOT_835","NC20-4526",835,8,"","","",14,20,"","","","","",""
"CU_2025_Ithaca_WOP_PLOT","Intercropping Cooperative","Ithaca, NY - Snyder","2025","","2025 winter oat pea intercrop trial located in Ithaca","phenotyping_trial","1.26","",0.2772,"2024-10-04","","CU_2025_Ithaca_WOP_PLOT_836","NC20-4526",836,8,"","","",14,19,"","","","","",""
"CU_2025_Ithaca_WOP_PLOT","Intercropping Cooperative","Ithaca, NY - Snyder","2025","","2025 winter oat pea intercrop trial located in Ithaca","phenotyping_trial","1.26","",0.2772,"2024-10-04","","CU_2025_Ithaca_WOP_PLOT_837","NC20-4551",837,8,"","","",14,18,"","","","","",""
"CU_2025_Ithaca_WOP_PLOT","Intercropping Cooperative","Ithaca, NY - Snyder","2025","","2025 winter oat pea intercrop trial located in Ithaca","phenotyping_trial","1.26","",0.2772,"2024-10-04","","CU_2025_Ithaca_WOP_PLOT_838","NC20-4551",838,8,"","","",14,17,"","","","","",""
"CU_2025_Ithaca_WOP_PLOT","Intercropping Cooperative","Ithaca, NY - Snyder","2025","","2025 winter oat pea intercrop trial located in Ithaca","phenotyping_trial","1.26","",0.2772,"2024-10-04","","CU_2025_Ithaca_WOP_PLOT_839","NF13-4124-4_3",839,8,"","","",14,16,"","","","","",""
"CU_2025_Ithaca_WOP_PLOT","Intercropping Cooperative","Ithaca, NY - Snyder","2025","","2025 winter oat pea intercrop trial located in Ithaca","phenotyping_trial","1.26","",0.2772,"2024-10-04","","CU_2025_Ithaca_WOP_PLOT_840","NF13-4124-4_3",840,8,"","","",14,15,"","","","","",""
"CU_2025_Ithaca_WOP_PLOT","Intercropping Cooperative","Ithaca, NY - Snyder","2025","","2025 winter oat pea intercrop trial located in Ithaca","phenotyping_trial","1.26","",0.2772,"2024-10-04","","CU_2025_Ithaca_WOP_PLOT_841","AURORA",841,8,"","","",14,14,"","","","","",""
"CU_2025_Ithaca_WOP_PLOT","Intercropping Cooperative","Ithaca, NY - Snyder","2025","","2025 winter oat pea intercrop trial located in Ithaca","phenotyping_trial","1.26","",0.2772,"2024-10-04","","CU_2025_Ithaca_WOP_PLOT_842","AURORA",842,8,"","","",14,13,"","","","","",""
