observationunit_name,subplot,Plant establishment - plants/ft2|CO_350:0005124,Pea plant establishment - plants/ft2|COMP:0000052
CU_2025_Ithaca_WOP_PLOT_101,1,24,6
CU_2025_Ithaca_WOP_PLOT_101,2,22,6
CU_2025_Ithaca_WOP_PLOT_101,3,43,15
CU_2025_Ithaca_WOP_PLOT_102,1,35,0
CU_2025_Ithaca_WOP_PLOT_102,2,21,0
CU_2025_Ithaca_WOP_PLOT_102,3,21,0
CU_2025_Ithaca_WOP_PLOT_103,1,13,6
CU_2025_Ithaca_WOP_PLOT_103,2,29,2
CU_2025_Ithaca_WOP_PLOT_103,3,44,19
CU_2025_Ithaca_WOP_PLOT_104,1,35,0
CU_2025_Ithaca_WOP_PLOT_104,2,57,0
CU_2025_Ithaca_WOP_PLOT_104,3,41,0
CU_2025_Ithaca_WOP_PLOT_105,1,8,4
CU_2025_Ithaca_WOP_PLOT_105,2,51,6
CU_2025_Ithaca_WOP_PLOT_105,3,28,10
CU_2025_Ithaca_WOP_PLOT_106,1,25,0
CU_2025_Ithaca_WOP_PLOT_106,2,25,0
CU_2025_Ithaca_WOP_PLOT_106,3,23,0
CU_2025_Ithaca_WOP_PLOT_107,1,8,3
CU_2025_Ithaca_WOP_PLOT_107,2,18,5
CU_2025_Ithaca_WOP_PLOT_107,3,48,14
CU_2025_Ithaca_WOP_PLOT_108,1,41,4
CU_2025_Ithaca_WOP_PLOT_108,2,24,7
CU_2025_Ithaca_WOP_PLOT_108,3,16,6
CU_2025_Ithaca_WOP_PLOT_109,1,19,0
CU_2025_Ithaca_WOP_PLOT_109,2,30,0
CU_2025_Ithaca_WOP_PLOT_109,3,35,0
CU_2025_Ithaca_WOP_PLOT_110,1,27,10
CU_2025_Ithaca_WOP_PLOT_110,2,38,9
CU_2025_Ithaca_WOP_PLOT_110,3,19,6
CU_2025_Ithaca_WOP_PLOT_111,1,19,0
CU_2025_Ithaca_WOP_PLOT_111,2,19,0
CU_2025_Ithaca_WOP_PLOT_111,3,37,0
CU_2025_Ithaca_WOP_PLOT_112,1,75,5
CU_2025_Ithaca_WOP_PLOT_112,2,38,4
CU_2025_Ithaca_WOP_PLOT_112,3,19,7
CU_2025_Ithaca_WOP_PLOT_113,1,36,8
CU_2025_Ithaca_WOP_PLOT_113,2,21,6
CU_2025_Ithaca_WOP_PLOT_113,3,21,10
CU_2025_Ithaca_WOP_PLOT_114,1,14,0
CU_2025_Ithaca_WOP_PLOT_114,2,44,0
CU_2025_Ithaca_WOP_PLOT_114,3,29,0
CU_2025_Ithaca_WOP_PLOT_115,1,0,5
CU_2025_Ithaca_WOP_PLOT_115,2,0,9
CU_2025_Ithaca_WOP_PLOT_115,3,0,8
CU_2025_Ithaca_WOP_PLOT_116,1,0,3
CU_2025_Ithaca_WOP_PLOT_116,2,0,8
CU_2025_Ithaca_WOP_PLOT_116,3,0,17
CU_2025_Ithaca_WOP_PLOT_117,1,32,12
CU_2025_Ithaca_WOP_PLOT_117,2,21,4
CU_2025_Ithaca_WOP_PLOT_117,3,22,6
CU_2025_Ithaca_WOP_PLOT_118,1,34,0
CU_2025_Ithaca_WOP_PLOT_118,2,51,0
CU_2025_Ithaca_WOP_PLOT_118,3,41,0
CU_2025_Ithaca_WOP_PLOT_119,1,63,8
CU_2025_Ithaca_WOP_PLOT_119,2,47,8
CU_2025_Ithaca_WOP_PLOT_119,3,20,7
CU_2025_Ithaca_WOP_PLOT_120,1,14,3
CU_2025_Ithaca_WOP_PLOT_120,2,25,9
CU_2025_Ithaca_WOP_PLOT_120,3,36,9
CU_2025_Ithaca_WOP_PLOT_121,1,51,0
CU_2025_Ithaca_WOP_PLOT_121,2,28,0
CU_2025_Ithaca_WOP_PLOT_121,3,24,0
CU_2025_Ithaca_WOP_PLOT_122,1,12,4
CU_2025_Ithaca_WOP_PLOT_122,2,31,5
CU_2025_Ithaca_WOP_PLOT_122,3,52,12
CU_2025_Ithaca_WOP_PLOT_123,1,54,0
CU_2025_Ithaca_WOP_PLOT_123,2,22,0
CU_2025_Ithaca_WOP_PLOT_123,3,21,0
CU_2025_Ithaca_WOP_PLOT_124,1,17,4
CU_2025_Ithaca_WOP_PLOT_124,2,21,7
CU_2025_Ithaca_WOP_PLOT_124,3,34,13
CU_2025_Ithaca_WOP_PLOT_125,1,20,0
CU_2025_Ithaca_WOP_PLOT_125,2,33,0
CU_2025_Ithaca_WOP_PLOT_125,3,32,0
CU_2025_Ithaca_WOP_PLOT_126,1,35,0
CU_2025_Ithaca_WOP_PLOT_126,2,35,0
CU_2025_Ithaca_WOP_PLOT_126,3,21,0
CU_2025_Ithaca_WOP_PLOT_127,1,8,3
CU_2025_Ithaca_WOP_PLOT_127,2,36,4
CU_2025_Ithaca_WOP_PLOT_127,3,37,15
CU_2025_Ithaca_WOP_PLOT_128,1,41,0
CU_2025_Ithaca_WOP_PLOT_128,2,33,0
CU_2025_Ithaca_WOP_PLOT_128,3,12,0
CU_2025_Ithaca_WOP_PLOT_129,1,13,2
CU_2025_Ithaca_WOP_PLOT_129,2,34,9
CU_2025_Ithaca_WOP_PLOT_129,3,29,16
CU_2025_Ithaca_WOP_PLOT_130,1,27,0
CU_2025_Ithaca_WOP_PLOT_130,2,29,0
CU_2025_Ithaca_WOP_PLOT_130,3,17,0
CU_2025_Ithaca_WOP_PLOT_131,1,31,6
CU_2025_Ithaca_WOP_PLOT_131,2,25,7
CU_2025_Ithaca_WOP_PLOT_131,3,25,7
CU_2025_Ithaca_WOP_PLOT_132,1,23,9
CU_2025_Ithaca_WOP_PLOT_132,2,36,7
CU_2025_Ithaca_WOP_PLOT_132,3,18,5
CU_2025_Ithaca_WOP_PLOT_133,1,24,0
CU_2025_Ithaca_WOP_PLOT_133,2,38,0
CU_2025_Ithaca_WOP_PLOT_133,3,35,0
CU_2025_Ithaca_WOP_PLOT_134,1,30,11
CU_2025_Ithaca_WOP_PLOT_134,2,37,4
CU_2025_Ithaca_WOP_PLOT_134,3,20,8
CU_2025_Ithaca_WOP_PLOT_135,1,21,0
CU_2025_Ithaca_WOP_PLOT_135,2,31,0
CU_2025_Ithaca_WOP_PLOT_135,3,53,0
CU_2025_Ithaca_WOP_PLOT_136,1,17,9
CU_2025_Ithaca_WOP_PLOT_136,2,38,4
CU_2025_Ithaca_WOP_PLOT_136,3,25,4
CU_2025_Ithaca_WOP_PLOT_137,1,44,0
CU_2025_Ithaca_WOP_PLOT_137,2,29,0
CU_2025_Ithaca_WOP_PLOT_137,3,27,0
CU_2025_Ithaca_WOP_PLOT_138,1,20,7
CU_2025_Ithaca_WOP_PLOT_138,2,41,6
CU_2025_Ithaca_WOP_PLOT_138,3,24,14
CU_2025_Ithaca_WOP_PLOT_139,1,28,0
CU_2025_Ithaca_WOP_PLOT_139,2,38,0
CU_2025_Ithaca_WOP_PLOT_139,3,32,0
CU_2025_Ithaca_WOP_PLOT_140,1,19,3
CU_2025_Ithaca_WOP_PLOT_140,2,41,3
CU_2025_Ithaca_WOP_PLOT_140,3,58,12
CU_2025_Ithaca_WOP_PLOT_141,1,36,9
CU_2025_Ithaca_WOP_PLOT_141,2,29,7
CU_2025_Ithaca_WOP_PLOT_141,3,22,7
CU_2025_Ithaca_WOP_PLOT_142,1,20,0
CU_2025_Ithaca_WOP_PLOT_142,2,23,0
CU_2025_Ithaca_WOP_PLOT_142,3,37,0
CU_2025_Ithaca_WOP_PLOT_201,1,52,0
CU_2025_Ithaca_WOP_PLOT_201,2,27,0
CU_2025_Ithaca_WOP_PLOT_201,3,23,0
CU_2025_Ithaca_WOP_PLOT_202,1,17,3
CU_2025_Ithaca_WOP_PLOT_202,2,34,5
CU_2025_Ithaca_WOP_PLOT_202,3,22,14
CU_2025_Ithaca_WOP_PLOT_203,1,41,8
CU_2025_Ithaca_WOP_PLOT_203,2,34,6
CU_2025_Ithaca_WOP_PLOT_203,3,25,4
CU_2025_Ithaca_WOP_PLOT_204,1,20,0
CU_2025_Ithaca_WOP_PLOT_204,2,31,0
CU_2025_Ithaca_WOP_PLOT_204,3,33,0
CU_2025_Ithaca_WOP_PLOT_205,1,43,11
CU_2025_Ithaca_WOP_PLOT_205,2,25,6
CU_2025_Ithaca_WOP_PLOT_205,3,17,1
CU_2025_Ithaca_WOP_PLOT_206,1,21,0
CU_2025_Ithaca_WOP_PLOT_206,2,33,0
CU_2025_Ithaca_WOP_PLOT_206,3,20,0
CU_2025_Ithaca_WOP_PLOT_207,1,12,3
CU_2025_Ithaca_WOP_PLOT_207,2,53,5
CU_2025_Ithaca_WOP_PLOT_207,3,36,12
CU_2025_Ithaca_WOP_PLOT_208,1,37,11
CU_2025_Ithaca_WOP_PLOT_208,2,44,6
CU_2025_Ithaca_WOP_PLOT_208,3,19,4
CU_2025_Ithaca_WOP_PLOT_209,1,22,0
CU_2025_Ithaca_WOP_PLOT_209,2,37,0
CU_2025_Ithaca_WOP_PLOT_209,3,34,0
CU_2025_Ithaca_WOP_PLOT_210,1,27,9
CU_2025_Ithaca_WOP_PLOT_210,2,47,6
CU_2025_Ithaca_WOP_PLOT_210,3,15,8
CU_2025_Ithaca_WOP_PLOT_211,1,20,0
CU_2025_Ithaca_WOP_PLOT_211,2,37,0
CU_2025_Ithaca_WOP_PLOT_211,3,36,0
CU_2025_Ithaca_WOP_PLOT_212,1,27,11
CU_2025_Ithaca_WOP_PLOT_212,2,40,7
CU_2025_Ithaca_WOP_PLOT_212,3,27,6
CU_2025_Ithaca_WOP_PLOT_213,1,24,0
CU_2025_Ithaca_WOP_PLOT_213,2,40,0
CU_2025_Ithaca_WOP_PLOT_213,3,39,0
CU_2025_Ithaca_WOP_PLOT_214,1,23,7
CU_2025_Ithaca_WOP_PLOT_214,2,33,9
CU_2025_Ithaca_WOP_PLOT_214,3,21,8
CU_2025_Ithaca_WOP_PLOT_215,1,22,0
CU_2025_Ithaca_WOP_PLOT_215,2,36,0
CU_2025_Ithaca_WOP_PLOT_215,3,34,0
CU_2025_Ithaca_WOP_PLOT_216,1,42,5
CU_2025_Ithaca_WOP_PLOT_216,2,35,4
CU_2025_Ithaca_WOP_PLOT_216,3,18,4
CU_2025_Ithaca_WOP_PLOT_217,1,0,4
CU_2025_Ithaca_WOP_PLOT_217,2,0,6
CU_2025_Ithaca_WOP_PLOT_217,3,0,4
CU_2025_Ithaca_WOP_PLOT_218,1,0,8
CU_2025_Ithaca_WOP_PLOT_218,2,0,6
CU_2025_Ithaca_WOP_PLOT_218,3,0,5
CU_2025_Ithaca_WOP_PLOT_219,1,33,0
CU_2025_Ithaca_WOP_PLOT_219,2,38,0
CU_2025_Ithaca_WOP_PLOT_219,3,29,0
CU_2025_Ithaca_WOP_PLOT_220,1,13,8
CU_2025_Ithaca_WOP_PLOT_220,2,26,5
CU_2025_Ithaca_WOP_PLOT_220,3,36,13
CU_2025_Ithaca_WOP_PLOT_221,1,52,9
CU_2025_Ithaca_WOP_PLOT_221,2,42,11
CU_2025_Ithaca_WOP_PLOT_221,3,31,3
CU_2025_Ithaca_WOP_PLOT_222,1,14,7
CU_2025_Ithaca_WOP_PLOT_222,2,25,8
CU_2025_Ithaca_WOP_PLOT_222,3,31,13
CU_2025_Ithaca_WOP_PLOT_223,1,17,0
CU_2025_Ithaca_WOP_PLOT_223,2,29,0
CU_2025_Ithaca_WOP_PLOT_223,3,23,0
CU_2025_Ithaca_WOP_PLOT_224,1,30,0
CU_2025_Ithaca_WOP_PLOT_224,2,24,0
CU_2025_Ithaca_WOP_PLOT_224,3,32,0
CU_2025_Ithaca_WOP_PLOT_225,1,19,16
CU_2025_Ithaca_WOP_PLOT_225,2,34,7
CU_2025_Ithaca_WOP_PLOT_225,3,25,4
CU_2025_Ithaca_WOP_PLOT_226,1,20,0
CU_2025_Ithaca_WOP_PLOT_226,2,20,0
CU_2025_Ithaca_WOP_PLOT_226,3,27,0
CU_2025_Ithaca_WOP_PLOT_227,1,37,16
CU_2025_Ithaca_WOP_PLOT_227,2,23,2
CU_2025_Ithaca_WOP_PLOT_227,3,19,4
CU_2025_Ithaca_WOP_PLOT_228,1,11,3
CU_2025_Ithaca_WOP_PLOT_228,2,43,10
CU_2025_Ithaca_WOP_PLOT_228,3,15,16
CU_2025_Ithaca_WOP_PLOT_229,1,31,0
CU_2025_Ithaca_WOP_PLOT_229,2,26,0
CU_2025_Ithaca_WOP_PLOT_229,3,16,0
CU_2025_Ithaca_WOP_PLOT_230,1,18,0
CU_2025_Ithaca_WOP_PLOT_230,2,30,0
CU_2025_Ithaca_WOP_PLOT_230,3,28,0
CU_2025_Ithaca_WOP_PLOT_231,1,27,2
CU_2025_Ithaca_WOP_PLOT_231,2,25,4
CU_2025_Ithaca_WOP_PLOT_231,3,23,14
CU_2025_Ithaca_WOP_PLOT_232,1,24,0
CU_2025_Ithaca_WOP_PLOT_232,2,29,0
CU_2025_Ithaca_WOP_PLOT_232,3,9,0
CU_2025_Ithaca_WOP_PLOT_233,1,21,5
CU_2025_Ithaca_WOP_PLOT_233,2,22,9
CU_2025_Ithaca_WOP_PLOT_233,3,30,11
CU_2025_Ithaca_WOP_PLOT_234,1,45,9
CU_2025_Ithaca_WOP_PLOT_234,2,18,2
CU_2025_Ithaca_WOP_PLOT_234,3,4,1
CU_2025_Ithaca_WOP_PLOT_235,1,13,7
CU_2025_Ithaca_WOP_PLOT_235,2,25,7
CU_2025_Ithaca_WOP_PLOT_235,3,23,9
CU_2025_Ithaca_WOP_PLOT_236,1,40,0
CU_2025_Ithaca_WOP_PLOT_236,2,21,0
CU_2025_Ithaca_WOP_PLOT_236,3,14,0
CU_2025_Ithaca_WOP_PLOT_237,1,22,3
CU_2025_Ithaca_WOP_PLOT_237,2,34,8
CU_2025_Ithaca_WOP_PLOT_237,3,31,12
CU_2025_Ithaca_WOP_PLOT_238,1,32,0
CU_2025_Ithaca_WOP_PLOT_238,2,29,0
CU_2025_Ithaca_WOP_PLOT_238,3,21,0
CU_2025_Ithaca_WOP_PLOT_239,1,25,0
CU_2025_Ithaca_WOP_PLOT_239,2,32,0
CU_2025_Ithaca_WOP_PLOT_239,3,19,0
CU_2025_Ithaca_WOP_PLOT_240,1,27,11
CU_2025_Ithaca_WOP_PLOT_240,2,32,16
CU_2025_Ithaca_WOP_PLOT_240,3,26,6
CU_2025_Ithaca_WOP_PLOT_241,1,19,0
CU_2025_Ithaca_WOP_PLOT_241,2,24,0
CU_2025_Ithaca_WOP_PLOT_241,3,28,0
CU_2025_Ithaca_WOP_PLOT_242,1,28,13
CU_2025_Ithaca_WOP_PLOT_242,2,23,6
CU_2025_Ithaca_WOP_PLOT_242,3,10,5
CU_2025_Ithaca_WOP_PLOT_301,1,21,15
CU_2025_Ithaca_WOP_PLOT_301,2,38,7
CU_2025_Ithaca_WOP_PLOT_301,3,10,2
CU_2025_Ithaca_WOP_PLOT_302,1,23,0
CU_2025_Ithaca_WOP_PLOT_302,2,31,0
CU_2025_Ithaca_WOP_PLOT_302,3,23,0
CU_2025_Ithaca_WOP_PLOT_303,1,25,8
CU_2025_Ithaca_WOP_PLOT_303,2,27,6
CU_2025_Ithaca_WOP_PLOT_303,3,19,8
CU_2025_Ithaca_WOP_PLOT_304,1,18,0
CU_2025_Ithaca_WOP_PLOT_304,2,28,0
CU_2025_Ithaca_WOP_PLOT_304,3,25,0
CU_2025_Ithaca_WOP_PLOT_305,1,28,13
CU_2025_Ithaca_WOP_PLOT_305,2,32,11
CU_2025_Ithaca_WOP_PLOT_305,3,18,5
CU_2025_Ithaca_WOP_PLOT_306,1,25,9
CU_2025_Ithaca_WOP_PLOT_306,2,24,5
CU_2025_Ithaca_WOP_PLOT_306,3,21,12
CU_2025_Ithaca_WOP_PLOT_307,1,30,0
CU_2025_Ithaca_WOP_PLOT_307,2,31,0
CU_2025_Ithaca_WOP_PLOT_307,3,23,0
CU_2025_Ithaca_WOP_PLOT_308,1,13,1
CU_2025_Ithaca_WOP_PLOT_308,2,45,11
CU_2025_Ithaca_WOP_PLOT_308,3,50,18
CU_2025_Ithaca_WOP_PLOT_309,1,31,0
CU_2025_Ithaca_WOP_PLOT_309,2,29,0
CU_2025_Ithaca_WOP_PLOT_309,3,19,0
CU_2025_Ithaca_WOP_PLOT_310,1,7,1
CU_2025_Ithaca_WOP_PLOT_310,2,21,8
CU_2025_Ithaca_WOP_PLOT_310,3,37,8
CU_2025_Ithaca_WOP_PLOT_311,1,26,0
CU_2025_Ithaca_WOP_PLOT_311,2,20,0
CU_2025_Ithaca_WOP_PLOT_311,3,11,0
CU_2025_Ithaca_WOP_PLOT_312,1,16,2
CU_2025_Ithaca_WOP_PLOT_312,2,24,7
CU_2025_Ithaca_WOP_PLOT_312,3,27,17
CU_2025_Ithaca_WOP_PLOT_313,1,22,0
CU_2025_Ithaca_WOP_PLOT_313,2,19,0
CU_2025_Ithaca_WOP_PLOT_313,3,43,0
CU_2025_Ithaca_WOP_PLOT_314,1,23,0
CU_2025_Ithaca_WOP_PLOT_314,2,52,0
CU_2025_Ithaca_WOP_PLOT_314,3,17,0
CU_2025_Ithaca_WOP_PLOT_315,1,19,4
CU_2025_Ithaca_WOP_PLOT_315,2,35,5
CU_2025_Ithaca_WOP_PLOT_315,3,38,11
CU_2025_Ithaca_WOP_PLOT_316,1,28,10
CU_2025_Ithaca_WOP_PLOT_316,2,27,11
CU_2025_Ithaca_WOP_PLOT_316,3,13,5
CU_2025_Ithaca_WOP_PLOT_317,1,11,0
CU_2025_Ithaca_WOP_PLOT_317,2,28,0
CU_2025_Ithaca_WOP_PLOT_317,3,27,0
CU_2025_Ithaca_WOP_PLOT_318,1,39,15
CU_2025_Ithaca_WOP_PLOT_318,2,17,4
CU_2025_Ithaca_WOP_PLOT_318,3,16,5
CU_2025_Ithaca_WOP_PLOT_319,1,25,0
CU_2025_Ithaca_WOP_PLOT_319,2,20,0
CU_2025_Ithaca_WOP_PLOT_319,3,22,0
CU_2025_Ithaca_WOP_PLOT_320,1,0,11
CU_2025_Ithaca_WOP_PLOT_320,2,0,8
CU_2025_Ithaca_WOP_PLOT_320,3,0,7
CU_2025_Ithaca_WOP_PLOT_321,1,0,6
CU_2025_Ithaca_WOP_PLOT_321,2,0,9
CU_2025_Ithaca_WOP_PLOT_321,3,0,10
CU_2025_Ithaca_WOP_PLOT_322,1,25,14
CU_2025_Ithaca_WOP_PLOT_322,2,32,7
CU_2025_Ithaca_WOP_PLOT_322,3,25,1
CU_2025_Ithaca_WOP_PLOT_323,1,6,2
CU_2025_Ithaca_WOP_PLOT_323,2,9,5
CU_2025_Ithaca_WOP_PLOT_323,3,38,11
CU_2025_Ithaca_WOP_PLOT_324,1,31,9
CU_2025_Ithaca_WOP_PLOT_324,2,32,3
CU_2025_Ithaca_WOP_PLOT_324,3,11,10
CU_2025_Ithaca_WOP_PLOT_325,1,33,0
CU_2025_Ithaca_WOP_PLOT_325,2,31,0
CU_2025_Ithaca_WOP_PLOT_325,3,24,0
CU_2025_Ithaca_WOP_PLOT_326,1,16,0
CU_2025_Ithaca_WOP_PLOT_326,2,22,0
CU_2025_Ithaca_WOP_PLOT_326,3,29,0
CU_2025_Ithaca_WOP_PLOT_327,1,22,9
CU_2025_Ithaca_WOP_PLOT_327,2,24,14
CU_2025_Ithaca_WOP_PLOT_327,3,15,2
CU_2025_Ithaca_WOP_PLOT_328,1,21,0
CU_2025_Ithaca_WOP_PLOT_328,2,17,0
CU_2025_Ithaca_WOP_PLOT_328,3,29,0
CU_2025_Ithaca_WOP_PLOT_329,1,30,12
CU_2025_Ithaca_WOP_PLOT_329,2,29,6
CU_2025_Ithaca_WOP_PLOT_329,3,20,4
CU_2025_Ithaca_WOP_PLOT_330,1,26,0
CU_2025_Ithaca_WOP_PLOT_330,2,22,0
CU_2025_Ithaca_WOP_PLOT_330,3,34,0
CU_2025_Ithaca_WOP_PLOT_331,1,31,8
CU_2025_Ithaca_WOP_PLOT_331,2,49,5
CU_2025_Ithaca_WOP_PLOT_331,3,14,3
CU_2025_Ithaca_WOP_PLOT_332,1,21,9
CU_2025_Ithaca_WOP_PLOT_332,2,9,4
CU_2025_Ithaca_WOP_PLOT_332,3,42,5
CU_2025_Ithaca_WOP_PLOT_333,1,24,0
CU_2025_Ithaca_WOP_PLOT_333,2,27,0
CU_2025_Ithaca_WOP_PLOT_333,3,20,0
CU_2025_Ithaca_WOP_PLOT_334,1,15,0
CU_2025_Ithaca_WOP_PLOT_334,2,29,0
CU_2025_Ithaca_WOP_PLOT_334,3,29,0
CU_2025_Ithaca_WOP_PLOT_335,1,27,11
CU_2025_Ithaca_WOP_PLOT_335,2,33,13
CU_2025_Ithaca_WOP_PLOT_335,3,18,4
CU_2025_Ithaca_WOP_PLOT_336,1,17,7
CU_2025_Ithaca_WOP_PLOT_336,2,32,6
CU_2025_Ithaca_WOP_PLOT_336,3,49,12
CU_2025_Ithaca_WOP_PLOT_337,1,20,0
CU_2025_Ithaca_WOP_PLOT_337,2,31,0
CU_2025_Ithaca_WOP_PLOT_337,3,27,0
CU_2025_Ithaca_WOP_PLOT_338,1,27,0
CU_2025_Ithaca_WOP_PLOT_338,2,36,11
CU_2025_Ithaca_WOP_PLOT_338,3,10,6
CU_2025_Ithaca_WOP_PLOT_339,1,14,0
CU_2025_Ithaca_WOP_PLOT_339,2,35,0
CU_2025_Ithaca_WOP_PLOT_339,3,37,0
CU_2025_Ithaca_WOP_PLOT_340,1,35,16
CU_2025_Ithaca_WOP_PLOT_340,2,32,5
CU_2025_Ithaca_WOP_PLOT_340,3,23,5
CU_2025_Ithaca_WOP_PLOT_341,1,18,3
CU_2025_Ithaca_WOP_PLOT_341,2,17,4
CU_2025_Ithaca_WOP_PLOT_341,3,25,10
CU_2025_Ithaca_WOP_PLOT_342,1,40,0
CU_2025_Ithaca_WOP_PLOT_342,2,26,0
CU_2025_Ithaca_WOP_PLOT_342,3,21,0
CU_2025_Ithaca_WOP_PLOT_401,1,10,1
CU_2025_Ithaca_WOP_PLOT_401,2,26,4
CU_2025_Ithaca_WOP_PLOT_401,3,70,15
CU_2025_Ithaca_WOP_PLOT_402,1,48,11
CU_2025_Ithaca_WOP_PLOT_402,2,34,7
CU_2025_Ithaca_WOP_PLOT_402,3,28,5
CU_2025_Ithaca_WOP_PLOT_403,1,8,3
CU_2025_Ithaca_WOP_PLOT_403,2,30,9
CU_2025_Ithaca_WOP_PLOT_403,3,24,6
CU_2025_Ithaca_WOP_PLOT_404,1,22,0
CU_2025_Ithaca_WOP_PLOT_404,2,38,0
CU_2025_Ithaca_WOP_PLOT_404,3,19,0
CU_2025_Ithaca_WOP_PLOT_405,1,18,0
CU_2025_Ithaca_WOP_PLOT_405,2,24,0
CU_2025_Ithaca_WOP_PLOT_405,3,22,0
CU_2025_Ithaca_WOP_PLOT_406,1,34,9
CU_2025_Ithaca_WOP_PLOT_406,2,30,8
CU_2025_Ithaca_WOP_PLOT_406,3,10,9
CU_2025_Ithaca_WOP_PLOT_407,1,43,7
CU_2025_Ithaca_WOP_PLOT_407,2,31,8
CU_2025_Ithaca_WOP_PLOT_407,3,8,4
CU_2025_Ithaca_WOP_PLOT_408,1,28,0
CU_2025_Ithaca_WOP_PLOT_408,2,34,0
CU_2025_Ithaca_WOP_PLOT_408,3,35,0
CU_2025_Ithaca_WOP_PLOT_409,1,0,11
CU_2025_Ithaca_WOP_PLOT_409,2,0,14
CU_2025_Ithaca_WOP_PLOT_409,3,0,8
CU_2025_Ithaca_WOP_PLOT_410,1,0,7
CU_2025_Ithaca_WOP_PLOT_410,2,0,7
CU_2025_Ithaca_WOP_PLOT_410,3,0,18
CU_2025_Ithaca_WOP_PLOT_411,1,36,10
CU_2025_Ithaca_WOP_PLOT_411,2,27,10
CU_2025_Ithaca_WOP_PLOT_411,3,16,3
CU_2025_Ithaca_WOP_PLOT_412,1,14,0
CU_2025_Ithaca_WOP_PLOT_412,2,21,0
CU_2025_Ithaca_WOP_PLOT_412,3,35,0
CU_2025_Ithaca_WOP_PLOT_413,1,49,6
CU_2025_Ithaca_WOP_PLOT_413,2,24,9
CU_2025_Ithaca_WOP_PLOT_413,3,18,6
CU_2025_Ithaca_WOP_PLOT_414,1,12,5
CU_2025_Ithaca_WOP_PLOT_414,2,53,8
CU_2025_Ithaca_WOP_PLOT_414,3,35,11
CU_2025_Ithaca_WOP_PLOT_415,1,39,0
CU_2025_Ithaca_WOP_PLOT_415,2,33,0
CU_2025_Ithaca_WOP_PLOT_415,3,23,0
CU_2025_Ithaca_WOP_PLOT_416,1,16,0
CU_2025_Ithaca_WOP_PLOT_416,2,32,0
CU_2025_Ithaca_WOP_PLOT_416,3,16,1
CU_2025_Ithaca_WOP_PLOT_417,1,41,13
CU_2025_Ithaca_WOP_PLOT_417,2,39,7
CU_2025_Ithaca_WOP_PLOT_417,3,15,5
CU_2025_Ithaca_WOP_PLOT_418,1,20,7
CU_2025_Ithaca_WOP_PLOT_418,2,22,8
CU_2025_Ithaca_WOP_PLOT_418,3,30,9
CU_2025_Ithaca_WOP_PLOT_419,1,32,0
CU_2025_Ithaca_WOP_PLOT_419,2,13,0
CU_2025_Ithaca_WOP_PLOT_419,3,31,0
CU_2025_Ithaca_WOP_PLOT_420,1,32,8
CU_2025_Ithaca_WOP_PLOT_420,2,30,5
CU_2025_Ithaca_WOP_PLOT_420,3,11,3
CU_2025_Ithaca_WOP_PLOT_421,1,24,2
CU_2025_Ithaca_WOP_PLOT_421,2,27,5
CU_2025_Ithaca_WOP_PLOT_421,3,33,14
CU_2025_Ithaca_WOP_PLOT_422,1,25,0
CU_2025_Ithaca_WOP_PLOT_422,2,25,0
CU_2025_Ithaca_WOP_PLOT_422,3,18,0
CU_2025_Ithaca_WOP_PLOT_423,1,18,0
CU_2025_Ithaca_WOP_PLOT_423,2,24,0
CU_2025_Ithaca_WOP_PLOT_423,3,28,0
CU_2025_Ithaca_WOP_PLOT_424,1,27,15
CU_2025_Ithaca_WOP_PLOT_424,2,27,6
CU_2025_Ithaca_WOP_PLOT_424,3,20,0
CU_2025_Ithaca_WOP_PLOT_425,1,24,5
CU_2025_Ithaca_WOP_PLOT_425,2,14,6
CU_2025_Ithaca_WOP_PLOT_425,3,53,11
CU_2025_Ithaca_WOP_PLOT_426,1,37,0
CU_2025_Ithaca_WOP_PLOT_426,2,37,0
CU_2025_Ithaca_WOP_PLOT_426,3,22,0
CU_2025_Ithaca_WOP_PLOT_427,1,32,0
CU_2025_Ithaca_WOP_PLOT_427,2,29,0
CU_2025_Ithaca_WOP_PLOT_427,3,38,0
CU_2025_Ithaca_WOP_PLOT_428,1,25,12
CU_2025_Ithaca_WOP_PLOT_428,2,25,8
CU_2025_Ithaca_WOP_PLOT_428,3,29,5
CU_2025_Ithaca_WOP_PLOT_429,1,17,6
CU_2025_Ithaca_WOP_PLOT_429,2,26,4
CU_2025_Ithaca_WOP_PLOT_429,3,33,7
CU_2025_Ithaca_WOP_PLOT_430,1,30,0
CU_2025_Ithaca_WOP_PLOT_430,2,27,0
CU_2025_Ithaca_WOP_PLOT_430,3,21,0
CU_2025_Ithaca_WOP_PLOT_431,1,30,11
CU_2025_Ithaca_WOP_PLOT_431,2,26,8
CU_2025_Ithaca_WOP_PLOT_431,3,20,3
CU_2025_Ithaca_WOP_PLOT_432,1,26,0
CU_2025_Ithaca_WOP_PLOT_432,2,27,0
CU_2025_Ithaca_WOP_PLOT_432,3,13,0
CU_2025_Ithaca_WOP_PLOT_433,1,29,6
CU_2025_Ithaca_WOP_PLOT_433,2,22,13
CU_2025_Ithaca_WOP_PLOT_433,3,17,4
CU_2025_Ithaca_WOP_PLOT_434,1,28,0
CU_2025_Ithaca_WOP_PLOT_434,2,18,0
CU_2025_Ithaca_WOP_PLOT_434,3,25,0
CU_2025_Ithaca_WOP_PLOT_435,1,29,0
CU_2025_Ithaca_WOP_PLOT_435,2,31,0
CU_2025_Ithaca_WOP_PLOT_435,3,16,0
CU_2025_Ithaca_WOP_PLOT_436,1,17,8
CU_2025_Ithaca_WOP_PLOT_436,2,23,4
CU_2025_Ithaca_WOP_PLOT_436,3,30,10
CU_2025_Ithaca_WOP_PLOT_437,1,25,11
CU_2025_Ithaca_WOP_PLOT_437,2,36,5
CU_2025_Ithaca_WOP_PLOT_437,3,21,5
CU_2025_Ithaca_WOP_PLOT_438,1,26,0
CU_2025_Ithaca_WOP_PLOT_438,2,17,0
CU_2025_Ithaca_WOP_PLOT_438,3,29,0
CU_2025_Ithaca_WOP_PLOT_439,1,24,0
CU_2025_Ithaca_WOP_PLOT_439,2,29,0
CU_2025_Ithaca_WOP_PLOT_439,3,15,0
CU_2025_Ithaca_WOP_PLOT_440,1,13,5
CU_2025_Ithaca_WOP_PLOT_440,2,17,6
CU_2025_Ithaca_WOP_PLOT_440,3,45,19
CU_2025_Ithaca_WOP_PLOT_441,1,31,0
CU_2025_Ithaca_WOP_PLOT_441,2,28,0
CU_2025_Ithaca_WOP_PLOT_441,3,19,0
CU_2025_Ithaca_WOP_PLOT_442,1,15,2
CU_2025_Ithaca_WOP_PLOT_442,2,19,13
CU_2025_Ithaca_WOP_PLOT_442,3,42,19
CU_2025_Ithaca_WOP_PLOT_501,1,19,0
CU_2025_Ithaca_WOP_PLOT_501,2,40,0
CU_2025_Ithaca_WOP_PLOT_501,3,37,0
CU_2025_Ithaca_WOP_PLOT_502,1,27,7
CU_2025_Ithaca_WOP_PLOT_502,2,25,3
CU_2025_Ithaca_WOP_PLOT_502,3,23,5
CU_2025_Ithaca_WOP_PLOT_503,1,20,0
CU_2025_Ithaca_WOP_PLOT_503,2,15,0
CU_2025_Ithaca_WOP_PLOT_503,3,34,0
CU_2025_Ithaca_WOP_PLOT_504,1,31,8
CU_2025_Ithaca_WOP_PLOT_504,2,17,5
CU_2025_Ithaca_WOP_PLOT_504,3,13,7
CU_2025_Ithaca_WOP_PLOT_505,1,12,0
CU_2025_Ithaca_WOP_PLOT_505,2,36,0
CU_2025_Ithaca_WOP_PLOT_505,3,35,0
CU_2025_Ithaca_WOP_PLOT_506,1,29,9
CU_2025_Ithaca_WOP_PLOT_506,2,36,10
CU_2025_Ithaca_WOP_PLOT_506,3,30,5
CU_2025_Ithaca_WOP_PLOT_507,1,13,0
CU_2025_Ithaca_WOP_PLOT_507,2,23,0
CU_2025_Ithaca_WOP_PLOT_507,3,29,0
CU_2025_Ithaca_WOP_PLOT_508,1,26,7
CU_2025_Ithaca_WOP_PLOT_508,2,38,5
CU_2025_Ithaca_WOP_PLOT_508,3,24,7
CU_2025_Ithaca_WOP_PLOT_509,1,10,6
CU_2025_Ithaca_WOP_PLOT_509,2,26,4
CU_2025_Ithaca_WOP_PLOT_509,3,27,12
CU_2025_Ithaca_WOP_PLOT_510,1,30,0
CU_2025_Ithaca_WOP_PLOT_510,2,22,0
CU_2025_Ithaca_WOP_PLOT_510,3,24,0
CU_2025_Ithaca_WOP_PLOT_511,1,20,2
CU_2025_Ithaca_WOP_PLOT_511,2,37,8
CU_2025_Ithaca_WOP_PLOT_511,3,30,14
CU_2025_Ithaca_WOP_PLOT_512,1,19,4
CU_2025_Ithaca_WOP_PLOT_512,2,23,11
CU_2025_Ithaca_WOP_PLOT_512,3,17,5
CU_2025_Ithaca_WOP_PLOT_513,1,34,3
CU_2025_Ithaca_WOP_PLOT_513,2,48,1
CU_2025_Ithaca_WOP_PLOT_513,3,13,0
CU_2025_Ithaca_WOP_PLOT_514,1,8,5
CU_2025_Ithaca_WOP_PLOT_514,2,31,4
CU_2025_Ithaca_WOP_PLOT_514,3,44,13
CU_2025_Ithaca_WOP_PLOT_515,1,58,0
CU_2025_Ithaca_WOP_PLOT_515,2,35,0
CU_2025_Ithaca_WOP_PLOT_515,3,22,0
CU_2025_Ithaca_WOP_PLOT_516,1,18,6
CU_2025_Ithaca_WOP_PLOT_516,2,19,4
CU_2025_Ithaca_WOP_PLOT_516,3,54,8
CU_2025_Ithaca_WOP_PLOT_517,1,0,12
CU_2025_Ithaca_WOP_PLOT_517,2,0,12
CU_2025_Ithaca_WOP_PLOT_517,3,0,2
CU_2025_Ithaca_WOP_PLOT_518,1,0,7
CU_2025_Ithaca_WOP_PLOT_518,2,0,11
CU_2025_Ithaca_WOP_PLOT_518,3,0,16
CU_2025_Ithaca_WOP_PLOT_519,1,3,1
CU_2025_Ithaca_WOP_PLOT_519,2,38,4
CU_2025_Ithaca_WOP_PLOT_519,3,19,5
CU_2025_Ithaca_WOP_PLOT_520,1,19,0
CU_2025_Ithaca_WOP_PLOT_520,2,40,0
CU_2025_Ithaca_WOP_PLOT_520,3,36,0
CU_2025_Ithaca_WOP_PLOT_521,1,35,0
CU_2025_Ithaca_WOP_PLOT_521,2,17,0
CU_2025_Ithaca_WOP_PLOT_521,3,19,0
CU_2025_Ithaca_WOP_PLOT_522,1,25,3
CU_2025_Ithaca_WOP_PLOT_522,2,21,5
CU_2025_Ithaca_WOP_PLOT_522,3,28,19
CU_2025_Ithaca_WOP_PLOT_523,1,28,0
CU_2025_Ithaca_WOP_PLOT_523,2,20,0
CU_2025_Ithaca_WOP_PLOT_523,3,31,0
CU_2025_Ithaca_WOP_PLOT_524,1,10,6
CU_2025_Ithaca_WOP_PLOT_524,2,19,5
CU_2025_Ithaca_WOP_PLOT_524,3,34,6
CU_2025_Ithaca_WOP_PLOT_525,1,17,5
CU_2025_Ithaca_WOP_PLOT_525,2,25,5
CU_2025_Ithaca_WOP_PLOT_525,3,28,13
CU_2025_Ithaca_WOP_PLOT_526,1,31,0
CU_2025_Ithaca_WOP_PLOT_526,2,29,0
CU_2025_Ithaca_WOP_PLOT_526,3,18,0
CU_2025_Ithaca_WOP_PLOT_527,1,11,4
CU_2025_Ithaca_WOP_PLOT_527,2,22,4
CU_2025_Ithaca_WOP_PLOT_527,3,56,8
CU_2025_Ithaca_WOP_PLOT_528,1,30,0
CU_2025_Ithaca_WOP_PLOT_528,2,42,0
CU_2025_Ithaca_WOP_PLOT_528,3,21,0
CU_2025_Ithaca_WOP_PLOT_529,1,16,3
CU_2025_Ithaca_WOP_PLOT_529,2,34,5
CU_2025_Ithaca_WOP_PLOT_529,3,40,14
CU_2025_Ithaca_WOP_PLOT_530,1,40,6
CU_2025_Ithaca_WOP_PLOT_530,2,36,0
CU_2025_Ithaca_WOP_PLOT_530,3,30,0
CU_2025_Ithaca_WOP_PLOT_531,1,25,4
CU_2025_Ithaca_WOP_PLOT_531,2,31,0
CU_2025_Ithaca_WOP_PLOT_531,3,39,0
CU_2025_Ithaca_WOP_PLOT_532,1,23,0
CU_2025_Ithaca_WOP_PLOT_532,2,33,0
CU_2025_Ithaca_WOP_PLOT_532,3,28,22
CU_2025_Ithaca_WOP_PLOT_533,1,23,0
CU_2025_Ithaca_WOP_PLOT_533,2,23,0
CU_2025_Ithaca_WOP_PLOT_533,3,31,0
CU_2025_Ithaca_WOP_PLOT_534,1,33,11
CU_2025_Ithaca_WOP_PLOT_534,2,26,7
CU_2025_Ithaca_WOP_PLOT_534,3,20,4
CU_2025_Ithaca_WOP_PLOT_535,1,16,0
CU_2025_Ithaca_WOP_PLOT_535,2,30,0
CU_2025_Ithaca_WOP_PLOT_535,3,35,0
CU_2025_Ithaca_WOP_PLOT_536,1,29,9
CU_2025_Ithaca_WOP_PLOT_536,2,28,9
CU_2025_Ithaca_WOP_PLOT_536,3,20,4
CU_2025_Ithaca_WOP_PLOT_537,1,31,0
CU_2025_Ithaca_WOP_PLOT_537,2,27,0
CU_2025_Ithaca_WOP_PLOT_537,3,17,0
CU_2025_Ithaca_WOP_PLOT_538,1,13,4
CU_2025_Ithaca_WOP_PLOT_538,2,25,8
CU_2025_Ithaca_WOP_PLOT_538,3,33,13
CU_2025_Ithaca_WOP_PLOT_539,1,30,7
CU_2025_Ithaca_WOP_PLOT_539,2,37,7
CU_2025_Ithaca_WOP_PLOT_539,3,30,1
CU_2025_Ithaca_WOP_PLOT_540,1,26,0
CU_2025_Ithaca_WOP_PLOT_540,2,29,0
CU_2025_Ithaca_WOP_PLOT_540,3,38,0
CU_2025_Ithaca_WOP_PLOT_541,1,27,0
CU_2025_Ithaca_WOP_PLOT_541,2,29,0
CU_2025_Ithaca_WOP_PLOT_541,3,13,0
CU_2025_Ithaca_WOP_PLOT_542,1,5,2
CU_2025_Ithaca_WOP_PLOT_542,2,29,2
CU_2025_Ithaca_WOP_PLOT_542,3,30,10
CU_2025_Ithaca_WOP_PLOT_601,1,27,0
CU_2025_Ithaca_WOP_PLOT_601,2,35,0
CU_2025_Ithaca_WOP_PLOT_601,3,16,0
CU_2025_Ithaca_WOP_PLOT_602,1,9,3
CU_2025_Ithaca_WOP_PLOT_602,2,25,6
CU_2025_Ithaca_WOP_PLOT_602,3,35,12
CU_2025_Ithaca_WOP_PLOT_603,1,37,7
CU_2025_Ithaca_WOP_PLOT_603,2,55,8
CU_2025_Ithaca_WOP_PLOT_603,3,17,3
CU_2025_Ithaca_WOP_PLOT_604,1,32,0
CU_2025_Ithaca_WOP_PLOT_604,2,23,0
CU_2025_Ithaca_WOP_PLOT_604,3,31,0
CU_2025_Ithaca_WOP_PLOT_605,1,41,0
CU_2025_Ithaca_WOP_PLOT_605,2,20,NA
CU_2025_Ithaca_WOP_PLOT_605,3,13,0
CU_2025_Ithaca_WOP_PLOT_606,1,15,4
CU_2025_Ithaca_WOP_PLOT_606,2,22,4
CU_2025_Ithaca_WOP_PLOT_606,3,20,8
CU_2025_Ithaca_WOP_PLOT_607,1,22,0
CU_2025_Ithaca_WOP_PLOT_607,2,31,0
CU_2025_Ithaca_WOP_PLOT_607,3,31,0
CU_2025_Ithaca_WOP_PLOT_608,1,39,10
CU_2025_Ithaca_WOP_PLOT_608,2,37,5
CU_2025_Ithaca_WOP_PLOT_608,3,18,5
CU_2025_Ithaca_WOP_PLOT_609,1,12,6
CU_2025_Ithaca_WOP_PLOT_609,2,33,6
CU_2025_Ithaca_WOP_PLOT_609,3,19,7
CU_2025_Ithaca_WOP_PLOT_610,1,34,0
CU_2025_Ithaca_WOP_PLOT_610,2,21,0
CU_2025_Ithaca_WOP_PLOT_610,3,22,0
CU_2025_Ithaca_WOP_PLOT_611,1,19,5
CU_2025_Ithaca_WOP_PLOT_611,2,35,11
CU_2025_Ithaca_WOP_PLOT_611,3,20,16
CU_2025_Ithaca_WOP_PLOT_612,1,29,0
CU_2025_Ithaca_WOP_PLOT_612,2,31,0
CU_2025_Ithaca_WOP_PLOT_612,3,12,0
CU_2025_Ithaca_WOP_PLOT_613,1,19,0
CU_2025_Ithaca_WOP_PLOT_613,2,33,0
CU_2025_Ithaca_WOP_PLOT_613,3,30,0
CU_2025_Ithaca_WOP_PLOT_614,1,48,9
CU_2025_Ithaca_WOP_PLOT_614,2,33,13
CU_2025_Ithaca_WOP_PLOT_614,3,17,2
CU_2025_Ithaca_WOP_PLOT_615,1,30,0
CU_2025_Ithaca_WOP_PLOT_615,2,25,0
CU_2025_Ithaca_WOP_PLOT_615,3,30,0
CU_2025_Ithaca_WOP_PLOT_616,1,36,16
CU_2025_Ithaca_WOP_PLOT_616,2,16,10
CU_2025_Ithaca_WOP_PLOT_616,3,24,3
CU_2025_Ithaca_WOP_PLOT_617,1,10,3
CU_2025_Ithaca_WOP_PLOT_617,2,26,8
CU_2025_Ithaca_WOP_PLOT_617,3,29,13
CU_2025_Ithaca_WOP_PLOT_618,1,42,0
CU_2025_Ithaca_WOP_PLOT_618,2,50,0
CU_2025_Ithaca_WOP_PLOT_618,3,19,0
CU_2025_Ithaca_WOP_PLOT_619,1,26,0
CU_2025_Ithaca_WOP_PLOT_619,2,28,0
CU_2025_Ithaca_WOP_PLOT_619,3,12,0
CU_2025_Ithaca_WOP_PLOT_620,1,9,3
CU_2025_Ithaca_WOP_PLOT_620,2,17,3
CU_2025_Ithaca_WOP_PLOT_620,3,38,7
CU_2025_Ithaca_WOP_PLOT_621,1,38,10
CU_2025_Ithaca_WOP_PLOT_621,2,45,6
CU_2025_Ithaca_WOP_PLOT_621,3,12,2
CU_2025_Ithaca_WOP_PLOT_622,1,7,0
CU_2025_Ithaca_WOP_PLOT_622,2,16,0
CU_2025_Ithaca_WOP_PLOT_622,3,41,9
CU_2025_Ithaca_WOP_PLOT_623,1,24,0
CU_2025_Ithaca_WOP_PLOT_623,2,43,0
CU_2025_Ithaca_WOP_PLOT_623,3,13,0
CU_2025_Ithaca_WOP_PLOT_624,1,6,5
CU_2025_Ithaca_WOP_PLOT_624,2,13,5
CU_2025_Ithaca_WOP_PLOT_624,3,30,12
CU_2025_Ithaca_WOP_PLOT_625,1,26,12
CU_2025_Ithaca_WOP_PLOT_625,2,34,10
CU_2025_Ithaca_WOP_PLOT_625,3,10,5
CU_2025_Ithaca_WOP_PLOT_626,1,0,8
CU_2025_Ithaca_WOP_PLOT_626,2,0,13
CU_2025_Ithaca_WOP_PLOT_626,3,0,9
CU_2025_Ithaca_WOP_PLOT_627,1,0,17
CU_2025_Ithaca_WOP_PLOT_627,2,0,12
CU_2025_Ithaca_WOP_PLOT_627,3,0,4
CU_2025_Ithaca_WOP_PLOT_628,1,6,3
CU_2025_Ithaca_WOP_PLOT_628,2,28,14
CU_2025_Ithaca_WOP_PLOT_628,3,37,10
CU_2025_Ithaca_WOP_PLOT_629,1,18,0
CU_2025_Ithaca_WOP_PLOT_629,2,39,0
CU_2025_Ithaca_WOP_PLOT_629,3,18,0
CU_2025_Ithaca_WOP_PLOT_630,1,26,0
CU_2025_Ithaca_WOP_PLOT_630,2,26,0
CU_2025_Ithaca_WOP_PLOT_630,3,32,0
CU_2025_Ithaca_WOP_PLOT_631,1,22,2
CU_2025_Ithaca_WOP_PLOT_631,2,29,8
CU_2025_Ithaca_WOP_PLOT_631,3,23,18
CU_2025_Ithaca_WOP_PLOT_632,1,41,8
CU_2025_Ithaca_WOP_PLOT_632,2,35,8
CU_2025_Ithaca_WOP_PLOT_632,3,15,8
CU_2025_Ithaca_WOP_PLOT_633,1,22,4
CU_2025_Ithaca_WOP_PLOT_633,2,15,8
CU_2025_Ithaca_WOP_PLOT_633,3,38,10
CU_2025_Ithaca_WOP_PLOT_634,1,33,0
CU_2025_Ithaca_WOP_PLOT_634,2,75,0
CU_2025_Ithaca_WOP_PLOT_634,3,13,0
CU_2025_Ithaca_WOP_PLOT_635,1,23,1
CU_2025_Ithaca_WOP_PLOT_635,2,24,8
CU_2025_Ithaca_WOP_PLOT_635,3,30,15
CU_2025_Ithaca_WOP_PLOT_636,1,26,0
CU_2025_Ithaca_WOP_PLOT_636,2,33,0
CU_2025_Ithaca_WOP_PLOT_636,3,18,0
CU_2025_Ithaca_WOP_PLOT_637,1,4,1
CU_2025_Ithaca_WOP_PLOT_637,2,28,4
CU_2025_Ithaca_WOP_PLOT_637,3,28,6
CU_2025_Ithaca_WOP_PLOT_638,1,23,0
CU_2025_Ithaca_WOP_PLOT_638,2,54,0
CU_2025_Ithaca_WOP_PLOT_638,3,26,0
CU_2025_Ithaca_WOP_PLOT_639,1,20,0
CU_2025_Ithaca_WOP_PLOT_639,2,22,0
CU_2025_Ithaca_WOP_PLOT_639,3,37,NA
CU_2025_Ithaca_WOP_PLOT_640,1,33,10
CU_2025_Ithaca_WOP_PLOT_640,2,46,8
CU_2025_Ithaca_WOP_PLOT_640,3,18,5
CU_2025_Ithaca_WOP_PLOT_641,1,8,4
CU_2025_Ithaca_WOP_PLOT_641,2,17,4
CU_2025_Ithaca_WOP_PLOT_641,3,24,6
CU_2025_Ithaca_WOP_PLOT_642,1,28,0
CU_2025_Ithaca_WOP_PLOT_642,2,29,0
CU_2025_Ithaca_WOP_PLOT_642,3,18,0
CU_2025_Ithaca_WOP_PLOT_701,1,35,12
CU_2025_Ithaca_WOP_PLOT_701,2,29,8
CU_2025_Ithaca_WOP_PLOT_701,3,22,2
CU_2025_Ithaca_WOP_PLOT_702,1,18,0
CU_2025_Ithaca_WOP_PLOT_702,2,42,0
CU_2025_Ithaca_WOP_PLOT_702,3,33,0
CU_2025_Ithaca_WOP_PLOT_703,1,31,11
CU_2025_Ithaca_WOP_PLOT_703,2,19,4
CU_2025_Ithaca_WOP_PLOT_703,3,25,3
CU_2025_Ithaca_WOP_PLOT_704,1,21,0
CU_2025_Ithaca_WOP_PLOT_704,2,24,0
CU_2025_Ithaca_WOP_PLOT_704,3,27,0
CU_2025_Ithaca_WOP_PLOT_705,1,36,6
CU_2025_Ithaca_WOP_PLOT_705,2,40,6
CU_2025_Ithaca_WOP_PLOT_705,3,10,6
CU_2025_Ithaca_WOP_PLOT_706,1,14,0
CU_2025_Ithaca_WOP_PLOT_706,2,24,0
CU_2025_Ithaca_WOP_PLOT_706,3,28,0
CU_2025_Ithaca_WOP_PLOT_707,1,30,0
CU_2025_Ithaca_WOP_PLOT_707,2,29,0
CU_2025_Ithaca_WOP_PLOT_707,3,20,0
CU_2025_Ithaca_WOP_PLOT_708,1,19,4
CU_2025_Ithaca_WOP_PLOT_708,2,14,8
CU_2025_Ithaca_WOP_PLOT_708,3,29,12
CU_2025_Ithaca_WOP_PLOT_709,1,0,14
CU_2025_Ithaca_WOP_PLOT_709,2,0,13
CU_2025_Ithaca_WOP_PLOT_709,3,0,5
CU_2025_Ithaca_WOP_PLOT_710,1,0,6
CU_2025_Ithaca_WOP_PLOT_710,2,0,11
CU_2025_Ithaca_WOP_PLOT_710,3,0,13
CU_2025_Ithaca_WOP_PLOT_711,1,17,0
CU_2025_Ithaca_WOP_PLOT_711,2,30,0
CU_2025_Ithaca_WOP_PLOT_711,3,22,0
CU_2025_Ithaca_WOP_PLOT_712,1,10,6
CU_2025_Ithaca_WOP_PLOT_712,2,27,4
CU_2025_Ithaca_WOP_PLOT_712,3,28,7
CU_2025_Ithaca_WOP_PLOT_713,1,25,0
CU_2025_Ithaca_WOP_PLOT_713,2,31,0
CU_2025_Ithaca_WOP_PLOT_713,3,34,0
CU_2025_Ithaca_WOP_PLOT_714,1,27,9
CU_2025_Ithaca_WOP_PLOT_714,2,32,8
CU_2025_Ithaca_WOP_PLOT_714,3,12,4
CU_2025_Ithaca_WOP_PLOT_715,1,11,6
CU_2025_Ithaca_WOP_PLOT_715,2,15,5
CU_2025_Ithaca_WOP_PLOT_715,3,39,7
CU_2025_Ithaca_WOP_PLOT_716,1,35,0
CU_2025_Ithaca_WOP_PLOT_716,2,36,0
CU_2025_Ithaca_WOP_PLOT_716,3,23,0
CU_2025_Ithaca_WOP_PLOT_717,1,21,4
CU_2025_Ithaca_WOP_PLOT_717,2,23,11
CU_2025_Ithaca_WOP_PLOT_717,3,28,7
CU_2025_Ithaca_WOP_PLOT_718,1,29,0
CU_2025_Ithaca_WOP_PLOT_718,2,19,0
CU_2025_Ithaca_WOP_PLOT_718,3,15,0
CU_2025_Ithaca_WOP_PLOT_719,1,16,0
CU_2025_Ithaca_WOP_PLOT_719,2,23,0
CU_2025_Ithaca_WOP_PLOT_719,3,32,0
CU_2025_Ithaca_WOP_PLOT_720,1,18,9
CU_2025_Ithaca_WOP_PLOT_720,2,26,11
CU_2025_Ithaca_WOP_PLOT_720,3,21,4
CU_2025_Ithaca_WOP_PLOT_721,1,23,2
CU_2025_Ithaca_WOP_PLOT_721,2,35,9
CU_2025_Ithaca_WOP_PLOT_721,3,22,9
CU_2025_Ithaca_WOP_PLOT_722,1,28,0
CU_2025_Ithaca_WOP_PLOT_722,2,34,0
CU_2025_Ithaca_WOP_PLOT_722,3,16,0
CU_2025_Ithaca_WOP_PLOT_723,1,9,4
CU_2025_Ithaca_WOP_PLOT_723,2,13,3
CU_2025_Ithaca_WOP_PLOT_723,3,22,17
CU_2025_Ithaca_WOP_PLOT_724,1,37,10
CU_2025_Ithaca_WOP_PLOT_724,2,21,4
CU_2025_Ithaca_WOP_PLOT_724,3,11,6
CU_2025_Ithaca_WOP_PLOT_725,1,23,0
CU_2025_Ithaca_WOP_PLOT_725,2,35,0
CU_2025_Ithaca_WOP_PLOT_725,3,23,0
CU_2025_Ithaca_WOP_PLOT_726,1,15,4
CU_2025_Ithaca_WOP_PLOT_726,2,12,6
CU_2025_Ithaca_WOP_PLOT_726,3,28,11
CU_2025_Ithaca_WOP_PLOT_727,1,33,0
CU_2025_Ithaca_WOP_PLOT_727,2,29,0
CU_2025_Ithaca_WOP_PLOT_727,3,13,0
CU_2025_Ithaca_WOP_PLOT_728,1,17,0
CU_2025_Ithaca_WOP_PLOT_728,2,18,0
CU_2025_Ithaca_WOP_PLOT_728,3,24,0
CU_2025_Ithaca_WOP_PLOT_729,1,14,5
CU_2025_Ithaca_WOP_PLOT_729,2,26,15
CU_2025_Ithaca_WOP_PLOT_729,3,20,9
CU_2025_Ithaca_WOP_PLOT_730,1,16,4
CU_2025_Ithaca_WOP_PLOT_730,2,27,7
CU_2025_Ithaca_WOP_PLOT_730,3,37,8
CU_2025_Ithaca_WOP_PLOT_731,1,38,0
CU_2025_Ithaca_WOP_PLOT_731,2,31,0
CU_2025_Ithaca_WOP_PLOT_731,3,14,0
CU_2025_Ithaca_WOP_PLOT_732,1,20,3
CU_2025_Ithaca_WOP_PLOT_732,2,33,5
CU_2025_Ithaca_WOP_PLOT_732,3,37,7
CU_2025_Ithaca_WOP_PLOT_733,1,32,10
CU_2025_Ithaca_WOP_PLOT_733,2,37,10
CU_2025_Ithaca_WOP_PLOT_733,3,17,5
CU_2025_Ithaca_WOP_PLOT_734,1,14,0
CU_2025_Ithaca_WOP_PLOT_734,2,29,0
CU_2025_Ithaca_WOP_PLOT_734,3,32,0
CU_2025_Ithaca_WOP_PLOT_735,1,37,0
CU_2025_Ithaca_WOP_PLOT_735,2,25,1
CU_2025_Ithaca_WOP_PLOT_735,3,11,0
CU_2025_Ithaca_WOP_PLOT_736,1,23,4
CU_2025_Ithaca_WOP_PLOT_736,2,21,7
CU_2025_Ithaca_WOP_PLOT_736,3,48,16
CU_2025_Ithaca_WOP_PLOT_737,1,27,0
CU_2025_Ithaca_WOP_PLOT_737,2,31,0
CU_2025_Ithaca_WOP_PLOT_737,3,18,0
CU_2025_Ithaca_WOP_PLOT_738,1,41,15
CU_2025_Ithaca_WOP_PLOT_738,2,19,6
CU_2025_Ithaca_WOP_PLOT_738,3,20,1
CU_2025_Ithaca_WOP_PLOT_739,1,17,5
CU_2025_Ithaca_WOP_PLOT_739,2,22,7
CU_2025_Ithaca_WOP_PLOT_739,3,37,7
CU_2025_Ithaca_WOP_PLOT_740,1,28,0
CU_2025_Ithaca_WOP_PLOT_740,2,39,0
CU_2025_Ithaca_WOP_PLOT_740,3,21,0
CU_2025_Ithaca_WOP_PLOT_741,1,4,6
CU_2025_Ithaca_WOP_PLOT_741,2,30,10
CU_2025_Ithaca_WOP_PLOT_741,3,32,4
CU_2025_Ithaca_WOP_PLOT_742,1,34,9
CU_2025_Ithaca_WOP_PLOT_742,2,26,13
CU_2025_Ithaca_WOP_PLOT_742,3,7,2
CU_2025_Ithaca_WOP_PLOT_801,1,17,0
CU_2025_Ithaca_WOP_PLOT_801,2,27,0
CU_2025_Ithaca_WOP_PLOT_801,3,24,0
CU_2025_Ithaca_WOP_PLOT_802,1,28,9
CU_2025_Ithaca_WOP_PLOT_802,2,18,6
CU_2025_Ithaca_WOP_PLOT_802,3,18,1
CU_2025_Ithaca_WOP_PLOT_803,1,18,3
CU_2025_Ithaca_WOP_PLOT_803,2,21,10
CU_2025_Ithaca_WOP_PLOT_803,3,27,11
CU_2025_Ithaca_WOP_PLOT_804,1,27,0
CU_2025_Ithaca_WOP_PLOT_804,2,29,0
CU_2025_Ithaca_WOP_PLOT_804,3,14,NA
CU_2025_Ithaca_WOP_PLOT_805,1,14,4
CU_2025_Ithaca_WOP_PLOT_805,2,32,8
CU_2025_Ithaca_WOP_PLOT_805,3,39,12
CU_2025_Ithaca_WOP_PLOT_806,1,36,0
CU_2025_Ithaca_WOP_PLOT_806,2,29,0
CU_2025_Ithaca_WOP_PLOT_806,3,28,0
CU_2025_Ithaca_WOP_PLOT_807,1,33,13
CU_2025_Ithaca_WOP_PLOT_807,2,29,6
CU_2025_Ithaca_WOP_PLOT_807,3,9,7
CU_2025_Ithaca_WOP_PLOT_808,1,18,0
CU_2025_Ithaca_WOP_PLOT_808,2,38,0
CU_2025_Ithaca_WOP_PLOT_808,3,31,0
CU_2025_Ithaca_WOP_PLOT_809,1,29,11
CU_2025_Ithaca_WOP_PLOT_809,2,35,6
CU_2025_Ithaca_WOP_PLOT_809,3,8,5
CU_2025_Ithaca_WOP_PLOT_810,1,17,0
CU_2025_Ithaca_WOP_PLOT_810,2,28,0
CU_2025_Ithaca_WOP_PLOT_810,3,31,0
CU_2025_Ithaca_WOP_PLOT_811,1,25,6
CU_2025_Ithaca_WOP_PLOT_811,2,34,7
CU_2025_Ithaca_WOP_PLOT_811,3,27,6
CU_2025_Ithaca_WOP_PLOT_812,1,13,0
CU_2025_Ithaca_WOP_PLOT_812,2,35,0
CU_2025_Ithaca_WOP_PLOT_812,3,26,0
CU_2025_Ithaca_WOP_PLOT_813,1,28,6
CU_2025_Ithaca_WOP_PLOT_813,2,21,9
CU_2025_Ithaca_WOP_PLOT_813,3,22,7
CU_2025_Ithaca_WOP_PLOT_814,1,19,4
CU_2025_Ithaca_WOP_PLOT_814,2,23,5
CU_2025_Ithaca_WOP_PLOT_814,3,37,11
CU_2025_Ithaca_WOP_PLOT_815,1,35,0
CU_2025_Ithaca_WOP_PLOT_815,2,37,0
CU_2025_Ithaca_WOP_PLOT_815,3,12,0
CU_2025_Ithaca_WOP_PLOT_816,1,13,6
CU_2025_Ithaca_WOP_PLOT_816,2,19,5
CU_2025_Ithaca_WOP_PLOT_816,3,30,12
CU_2025_Ithaca_WOP_PLOT_817,1,32,0
CU_2025_Ithaca_WOP_PLOT_817,2,35,0
CU_2025_Ithaca_WOP_PLOT_817,3,30,0
CU_2025_Ithaca_WOP_PLOT_818,1,40,11
CU_2025_Ithaca_WOP_PLOT_818,2,21,8
CU_2025_Ithaca_WOP_PLOT_818,3,13,4
CU_2025_Ithaca_WOP_PLOT_819,1,22,3
CU_2025_Ithaca_WOP_PLOT_819,2,26,6
CU_2025_Ithaca_WOP_PLOT_819,3,35,10
CU_2025_Ithaca_WOP_PLOT_820,1,38,0
CU_2025_Ithaca_WOP_PLOT_820,2,26,0
CU_2025_Ithaca_WOP_PLOT_820,3,16,3
CU_2025_Ithaca_WOP_PLOT_821,1,27,3
CU_2025_Ithaca_WOP_PLOT_821,2,31,10
CU_2025_Ithaca_WOP_PLOT_821,3,37,11
CU_2025_Ithaca_WOP_PLOT_822,1,30,0
CU_2025_Ithaca_WOP_PLOT_822,2,30,0
CU_2025_Ithaca_WOP_PLOT_822,3,21,0
CU_2025_Ithaca_WOP_PLOT_823,1,0,9
CU_2025_Ithaca_WOP_PLOT_823,2,0,6
CU_2025_Ithaca_WOP_PLOT_823,3,0,13
CU_2025_Ithaca_WOP_PLOT_824,1,0,13
CU_2025_Ithaca_WOP_PLOT_824,2,0,11
CU_2025_Ithaca_WOP_PLOT_824,3,0,9
CU_2025_Ithaca_WOP_PLOT_825,1,17,4
CU_2025_Ithaca_WOP_PLOT_825,2,22,4
CU_2025_Ithaca_WOP_PLOT_825,3,37,6
CU_2025_Ithaca_WOP_PLOT_826,1,30,0
CU_2025_Ithaca_WOP_PLOT_826,2,35,0
CU_2025_Ithaca_WOP_PLOT_826,3,29,0
CU_2025_Ithaca_WOP_PLOT_827,1,34,0
CU_2025_Ithaca_WOP_PLOT_827,2,20,0
CU_2025_Ithaca_WOP_PLOT_827,3,36,0
CU_2025_Ithaca_WOP_PLOT_828,1,36,8
CU_2025_Ithaca_WOP_PLOT_828,2,22,7
CU_2025_Ithaca_WOP_PLOT_828,3,25,5
CU_2025_Ithaca_WOP_PLOT_829,1,31,7
CU_2025_Ithaca_WOP_PLOT_829,2,21,8
CU_2025_Ithaca_WOP_PLOT_829,3,34,12
CU_2025_Ithaca_WOP_PLOT_830,1,31,0
CU_2025_Ithaca_WOP_PLOT_830,2,43,0
CU_2025_Ithaca_WOP_PLOT_830,3,22,0
CU_2025_Ithaca_WOP_PLOT_831,1,41,8
CU_2025_Ithaca_WOP_PLOT_831,2,41,5
CU_2025_Ithaca_WOP_PLOT_831,3,19,9
CU_2025_Ithaca_WOP_PLOT_832,1,14,2
CU_2025_Ithaca_WOP_PLOT_832,2,43,8
CU_2025_Ithaca_WOP_PLOT_832,3,35,9
CU_2025_Ithaca_WOP_PLOT_833,1,33,11
CU_2025_Ithaca_WOP_PLOT_833,2,35,8
CU_2025_Ithaca_WOP_PLOT_833,3,14,3
CU_2025_Ithaca_WOP_PLOT_834,1,17,0
CU_2025_Ithaca_WOP_PLOT_834,2,27,0
CU_2025_Ithaca_WOP_PLOT_834,3,34,0
CU_2025_Ithaca_WOP_PLOT_835,1,32,13
CU_2025_Ithaca_WOP_PLOT_835,2,23,11
CU_2025_Ithaca_WOP_PLOT_835,3,19,6
CU_2025_Ithaca_WOP_PLOT_836,1,21,0
CU_2025_Ithaca_WOP_PLOT_836,2,27,0
CU_2025_Ithaca_WOP_PLOT_836,3,27,0
CU_2025_Ithaca_WOP_PLOT_837,1,38,8
CU_2025_Ithaca_WOP_PLOT_837,2,37,9
CU_2025_Ithaca_WOP_PLOT_837,3,10,2
CU_2025_Ithaca_WOP_PLOT_838,1,18,0
CU_2025_Ithaca_WOP_PLOT_838,2,32,0
CU_2025_Ithaca_WOP_PLOT_838,3,24,0
CU_2025_Ithaca_WOP_PLOT_839,1,30,0
CU_2025_Ithaca_WOP_PLOT_839,2,30,0
CU_2025_Ithaca_WOP_PLOT_839,3,14,0
CU_2025_Ithaca_WOP_PLOT_840,1,21,6
CU_2025_Ithaca_WOP_PLOT_840,2,23,4
CU_2025_Ithaca_WOP_PLOT_840,3,25,5
CU_2025_Ithaca_WOP_PLOT_841,1,30,0
CU_2025_Ithaca_WOP_PLOT_841,2,28,0
CU_2025_Ithaca_WOP_PLOT_841,3,27,0
CU_2025_Ithaca_WOP_PLOT_842,1,29,8
CU_2025_Ithaca_WOP_PLOT_842,2,32,15
CU_2025_Ithaca_WOP_PLOT_842,3,21,9
